index,point_victor,match_id,player1,player2,elapsed_time,set_no,game_no,point_no,p1_sets,p2_sets,p1_games,p2_games,server,serve_no,p1_points_won,p2_points_won,game_victor,set_victor,p1_ace,p2_ace,p1_winner,p2_winner,winner_shot_type,p1_double_fault,p2_double_fault,p1_unf_err,p2_unf_err,p1_net_pt,p2_net_pt,p1_net_pt_won,p2_net_pt_won,p1_break_pt,p2_break_pt,p1_break_pt_won,p2_break_pt_won,p1_break_pt_missed,p2_break_pt_missed,p1_distance_run,p2_distance_run,rally_count,speed_mph,serve_width,serve_depth,return_depth,p1_score_normal,p1_score_tiebreak,p2_score_normal,p2_score_tiebreak,p1_game_victor,p2_game_victor,p1_set_victor,p2_set_victor,p1_momentum,p2_momentum,p1_momentum_value,p2_momentum_value,p1_momentum_value_better
635,0.0,1304.0,3.0,3.0,0.0,1.0,1.0,1.0,0.0,0.0,0.0,0.0,1.0,2.0,1.0,0.0,0.0,0.0,0.0,0.0,0.0,0.0,0.0,0.0,0.0,0.0,1.0,0.0,0.0,0.0,0.0,0.0,0.0,0.0,0.0,0.0,0.0,4.121,4.011,1.0,86.0,1.0,0.0,1.0,0.0,0.0,0.0,0.0,0.0,0.0,0.0,0.0,4,3,3.621966014971354,2.664082804541036,0.9578832104303179
636,0.0,1304.0,3.0,3.0,41.0,1.0,1.0,2.0,0.0,0.0,0.0,0.0,1.0,2.0,2.0,0.0,0.0,0.0,0.0,0.0,0.0,0.0,0.0,0.0,0.0,0.0,1.0,0.0,0.0,0.0,0.0,0.0,0.0,0.0,0.0,0.0,0.0,4.312,3.877,1.0,92.0,1.0,0.0,1.0,1.0,0.0,0.0,0.0,0.0,0.0,0.0,0.0,3,3,3.417981673331357,2.9640506068000634,0.45393106653129367
637,0.0,1304.0,3.0,3.0,69.0,1.0,1.0,3.0,0.0,0.0,0.0,0.0,1.0,1.0,3.0,0.0,0.0,0.0,0.0,0.0,0.0,0.0,0.0,0.0,0.0,0.0,0.0,0.0,0.0,0.0,0.0,0.0,0.0,0.0,0.0,0.0,0.0,10.046,8.669,1.0,102.0,3.0,1.0,0.0,2.0,0.0,0.0,0.0,0.0,0.0,0.0,0.0,3,3,3.2334413627259044,3.1394560511366514,0.09398531158925305
638,0.0,1304.0,3.0,3.0,89.0,1.0,1.0,4.0,0.0,0.0,0.0,0.0,1.0,1.0,4.0,0.0,1.0,0.0,0.0,0.0,0.0,0.0,0.0,0.0,0.0,0.0,0.0,0.0,0.0,0.0,0.0,0.0,0.0,0.0,0.0,0.0,0.0,6.162,6.163,1.0,120.0,2.0,1.0,0.0,3.0,0.0,0.0,0.0,1.0,0.0,0.0,0.0,3,3,3.0808705723033283,3.2207048397841658,-0.1398342674808375
639,1.0,1304.0,3.0,3.0,162.0,1.0,2.0,5.0,0.0,0.0,1.0,0.0,2.0,2.0,4.0,1.0,0.0,0.0,0.0,0.0,0.0,0.0,0.0,0.0,0.0,0.0,0.0,0.0,0.0,0.0,0.0,0.0,0.0,0.0,0.0,0.0,0.0,3.342,2.573,1.0,112.0,2.0,0.0,2.0,0.0,0.0,0.0,0.0,1.0,0.0,0.0,0.0,3,3,2.965976517045927,3.233885126876983,-0.26790860983105613
640,1.0,1304.0,3.0,3.0,190.0,1.0,2.0,6.0,0.0,0.0,1.0,0.0,2.0,1.0,4.0,2.0,0.0,0.0,0.0,0.0,0.0,0.0,0.0,0.0,0.0,0.0,0.0,0.0,0.0,0.0,0.0,0.0,0.0,0.0,0.0,0.0,0.0,11.974,7.806,3.0,123.0,4.0,0.0,0.0,0.0,0.0,1.0,0.0,1.0,0.0,0.0,0.0,3,3,2.889508723711695,3.2009503922351836,-0.3114416685234884
641,1.0,1304.0,3.0,3.0,229.0,1.0,2.0,7.0,0.0,0.0,1.0,0.0,2.0,1.0,4.0,3.0,0.0,0.0,0.0,0.0,0.0,0.0,0.0,0.0,0.0,1.0,0.0,0.0,0.0,0.0,0.0,0.0,0.0,0.0,0.0,0.0,0.0,16.246,13.794,3.0,123.0,3.0,1.0,1.0,0.0,0.0,2.0,0.0,1.0,0.0,0.0,0.0,3,3,2.8487779398729485,3.139970279918579,-0.29119234004563044
642,1.0,1304.0,3.0,3.0,253.0,1.0,2.0,8.0,0.0,0.0,1.0,0.0,2.0,2.0,4.0,4.0,2.0,0.0,0.0,0.0,0.0,0.0,0.0,0.0,0.0,1.0,0.0,0.0,0.0,0.0,0.0,0.0,0.0,0.0,0.0,0.0,0.0,13.828,12.621,3.0,104.0,3.0,0.0,0.0,0.0,0.0,3.0,0.0,1.0,1.0,0.0,0.0,3,3,2.8388788565401466,3.0654305832774034,-0.22655172673725676
643,0.0,1304.0,3.0,3.0,297.0,1.0,3.0,9.0,0.0,0.0,1.0,1.0,1.0,2.0,5.0,4.0,0.0,0.0,0.0,0.0,0.0,0.0,0.0,0.0,0.0,0.0,0.0,0.0,0.0,0.0,0.0,0.0,0.0,0.0,0.0,0.0,0.0,6.138,6.177,1.0,100.0,0.0,0.0,1.0,0.0,0.0,0.0,0.0,1.0,1.0,0.0,0.0,3,3,2.853657671919672,2.9885662130473274,-0.13490854112765538
644,0.0,1304.0,3.0,3.0,329.0,1.0,3.0,10.0,0.0,0.0,1.0,1.0,1.0,1.0,6.0,4.0,0.0,0.0,0.0,0.0,0.0,0.0,0.0,0.0,0.0,0.0,0.0,0.0,0.0,0.0,0.0,0.0,0.0,0.0,0.0,0.0,0.0,2.927,4.275,1.0,114.0,4.0,0.0,0.0,1.0,0.0,0.0,0.0,1.0,1.0,0.0,0.0,3,3,2.8864613752868413,2.917713398515174,-0.03125202322833287
645,0.0,1304.0,3.0,3.0,359.0,1.0,3.0,11.0,0.0,0.0,1.0,1.0,1.0,2.0,7.0,4.0,0.0,0.0,0.0,0.0,0.0,0.0,0.0,0.0,0.0,0.0,1.0,0.0,0.0,0.0,0.0,0.0,0.0,0.0,0.0,0.0,0.0,9.757,9.224,3.0,95.0,0.0,0.0,1.0,2.0,0.0,0.0,0.0,1.0,1.0,0.0,0.0,3,3,2.9307017813815865,2.858669557784991,0.07203222359659556
646,0.0,1304.0,3.0,3.0,390.0,1.0,3.0,12.0,0.0,0.0,1.0,1.0,1.0,1.0,8.0,4.0,1.0,0.0,0.0,0.0,0.0,0.0,0.0,0.0,0.0,0.0,0.0,1.0,0.0,1.0,0.0,0.0,0.0,0.0,0.0,0.0,0.0,25.291,24.933,7.0,117.0,3.0,0.0,1.0,3.0,0.0,0.0,0.0,2.0,1.0,0.0,0.0,3,3,2.980263783049454,2.8150512451897156,0.16521253785973844
647,0.0,1304.0,3.0,3.0,504.0,1.0,4.0,13.0,0.0,0.0,2.0,1.0,2.0,2.0,9.0,4.0,0.0,0.0,0.0,0.0,0.0,0.0,0.0,0.0,0.0,0.0,0.0,0.0,0.0,0.0,0.0,0.0,0.0,0.0,0.0,0.0,0.0,9.402,7.535,2.0,108.0,2.0,0.0,1.0,0.0,0.0,0.0,0.0,2.0,1.0,0.0,0.0,3,3,3.0297839992342825,2.78864235502388,0.24114164421040263
648,0.0,1304.0,3.0,3.0,533.0,1.0,4.0,14.0,0.0,0.0,2.0,1.0,2.0,2.0,10.0,4.0,0.0,0.0,0.0,0.0,0.0,0.0,0.0,0.0,1.0,0.0,1.0,0.0,0.0,0.0,0.0,0.0,0.0,0.0,0.0,0.0,0.0,0.94,1.038,0.0,0.0,4.0,0.0,2.0,1.0,0.0,0.0,0.0,2.0,1.0,0.0,0.0,3,3,3.0748229633533537,2.7797263437285773,0.2950966196247764
649,1.0,1304.0,3.0,3.0,571.0,1.0,4.0,15.0,0.0,0.0,2.0,1.0,2.0,1.0,10.0,5.0,0.0,0.0,0.0,0.0,0.0,0.0,0.0,0.0,0.0,1.0,0.0,0.0,0.0,0.0,0.0,0.0,0.0,0.0,0.0,0.0,0.0,18.78,18.968,5.0,128.0,0.0,0.0,1.0,2.0,0.0,0.0,0.0,2.0,1.0,0.0,0.0,3,3,3.1119512103251905,2.787397639754917,0.32455357057027356
650,1.0,1304.0,3.0,3.0,603.0,1.0,4.0,16.0,0.0,0.0,2.0,1.0,2.0,1.0,10.0,6.0,0.0,0.0,0.0,0.0,0.0,0.0,0.0,0.0,0.0,0.0,0.0,0.0,0.0,0.0,0.0,0.0,0.0,0.0,0.0,0.0,0.0,10.898,9.751,1.0,122.0,3.0,1.0,1.0,2.0,0.0,1.0,0.0,2.0,1.0,0.0,0.0,3,3,3.1387670661586613,2.809848653478557,0.32891841268010413
651,0.0,1304.0,3.0,3.0,625.0,1.0,4.0,17.0,0.0,0.0,2.0,1.0,2.0,2.0,11.0,6.0,0.0,0.0,0.0,0.0,0.0,0.0,0.0,0.0,0.0,0.0,1.0,0.0,1.0,0.0,0.0,0.0,0.0,0.0,0.0,0.0,0.0,22.463,17.925,6.0,112.0,3.0,1.0,0.0,2.0,0.0,2.0,0.0,2.0,1.0,0.0,0.0,3,3,3.153861609451303,2.84462989024121,0.30923171921009285
652,1.0,1304.0,3.0,3.0,675.0,1.0,4.0,18.0,0.0,0.0,2.0,1.0,2.0,1.0,11.0,7.0,0.0,0.0,0.0,0.0,0.0,0.0,0.0,0.0,0.0,1.0,0.0,0.0,0.0,0.0,0.0,1.0,0.0,0.0,0.0,1.0,0.0,38.64,43.183,11.0,127.0,4.0,0.0,1.0,3.0,0.0,2.0,0.0,2.0,1.0,0.0,0.0,3,3,3.156744147111451,2.888881618952015,0.2678625281594358
653,1.0,1304.0,3.0,3.0,723.0,1.0,4.0,19.0,0.0,0.0,2.0,1.0,2.0,1.0,11.0,8.0,0.0,0.0,0.0,0.0,0.0,0.0,0.0,0.0,0.0,0.0,0.0,0.0,0.0,0.0,0.0,0.0,0.0,0.0,0.0,0.0,0.0,6.104,5.347,1.0,125.0,2.0,0.0,1.0,3.0,0.0,3.0,0.0,2.0,1.0,0.0,0.0,3,3,3.1477396151705404,2.9395363673764536,0.20820324779408672
654,0.0,1304.0,3.0,3.0,750.0,1.0,4.0,20.0,0.0,0.0,2.0,1.0,2.0,2.0,12.0,8.0,0.0,0.0,0.0,0.0,1.0,0.0,2.0,0.0,0.0,0.0,0.0,0.0,1.0,0.0,0.0,0.0,0.0,0.0,0.0,0.0,0.0,15.568,16.514,4.0,121.0,0.0,0.0,0.0,3.0,0.0,4.0,0.0,2.0,1.0,0.0,0.0,3,3,3.127867568083662,2.9934922135433455,0.13437535454031657
655,1.0,1304.0,3.0,3.0,811.0,1.0,4.0,21.0,0.0,0.0,2.0,1.0,2.0,1.0,12.0,9.0,0.0,0.0,0.0,1.0,0.0,1.0,0.0,0.0,0.0,0.0,0.0,0.0,0.0,0.0,0.0,0.0,0.0,0.0,0.0,0.0,0.0,1.066,0.943,1.0,126.0,4.0,0.0,2.0,3.0,0.0,3.0,0.0,2.0,1.0,0.0,0.0,3,3,3.0987108451658623,3.0477574304662194,0.050953414699642874
656,1.0,1304.0,3.0,3.0,832.0,1.0,4.0,22.0,0.0,0.0,2.0,1.0,2.0,2.0,12.0,10.0,2.0,0.0,0.0,0.0,0.0,0.0,0.0,0.0,0.0,1.0,0.0,0.0,0.0,0.0,0.0,0.0,0.0,0.0,0.0,0.0,0.0,15.193,15.082,5.0,101.0,3.0,0.0,0.0,3.0,0.0,4.0,0.0,2.0,2.0,0.0,0.0,3,3,3.0622805898628105,3.099567528042766,-0.03728693817995543
657,0.0,1304.0,3.0,3.0,881.0,1.0,5.0,23.0,0.0,0.0,2.0,2.0,1.0,1.0,13.0,10.0,0.0,0.0,0.0,0.0,0.0,0.0,0.0,0.0,0.0,0.0,0.0,0.0,0.0,0.0,0.0,0.0,0.0,0.0,0.0,0.0,0.0,3.327,4.714,1.0,97.0,3.0,0.0,1.0,0.0,0.0,0.0,0.0,2.0,2.0,0.0,0.0,3,3,3.020883035844072,3.1464761305885984,-0.1255930947445263
658,0.0,1304.0,3.0,3.0,900.0,1.0,5.0,24.0,0.0,0.0,2.0,2.0,1.0,1.0,14.0,10.0,0.0,0.0,0.0,0.0,0.0,0.0,0.0,0.0,0.0,0.0,0.0,0.0,0.0,0.0,0.0,0.0,0.0,0.0,0.0,0.0,0.0,7.137,7.568,1.0,104.0,4.0,1.0,1.0,1.0,0.0,0.0,0.0,2.0,2.0,0.0,0.0,3,3,2.9769923532253872,3.1864214395870056,-0.2094290863616184
659,0.0,1304.0,3.0,3.0,917.0,1.0,5.0,25.0,0.0,0.0,2.0,2.0,1.0,1.0,15.0,10.0,0.0,0.0,0.0,0.0,0.0,0.0,0.0,0.0,0.0,0.0,1.0,0.0,0.0,0.0,0.0,0.0,0.0,0.0,0.0,0.0,0.0,21.913,25.23,7.0,130.0,0.0,1.0,0.0,2.0,0.0,0.0,0.0,2.0,2.0,0.0,0.0,3,3,2.9331328587221943,3.217770267090558,-0.2846374083683636
660,0.0,1304.0,3.0,3.0,947.0,1.0,5.0,26.0,0.0,0.0,2.0,2.0,1.0,1.0,16.0,10.0,1.0,0.0,0.0,0.0,0.0,0.0,0.0,0.0,0.0,0.0,0.0,1.0,0.0,1.0,0.0,0.0,0.0,0.0,0.0,0.0,0.0,6.802,8.942,3.0,114.0,4.0,0.0,0.0,3.0,0.0,0.0,0.0,3.0,2.0,0.0,0.0,3,3,2.891773025717982,3.2393417935770525,-0.3475687678590704
661,0.0,1304.0,3.0,3.0,1048.0,1.0,6.0,27.0,0.0,0.0,3.0,2.0,2.0,1.0,17.0,10.0,0.0,0.0,0.0,0.0,1.0,0.0,1.0,0.0,0.0,0.0,0.0,0.0,0.0,0.0,0.0,0.0,0.0,0.0,0.0,0.0,0.0,6.825,4.702,2.0,120.0,3.0,0.0,0.0,0.0,0.0,0.0,0.0,3.0,2.0,0.0,0.0,3,3,2.8552329749685184,3.250413312317958,-0.3951803373494398
662,1.0,1304.0,3.0,3.0,1065.0,1.0,6.0,28.0,0.0,0.0,3.0,2.0,2.0,1.0,17.0,11.0,0.0,0.0,0.0,0.0,0.0,0.0,0.0,0.0,0.0,0.0,0.0,0.0,0.0,0.0,0.0,0.0,0.0,0.0,0.0,0.0,0.0,7.05,4.681,1.0,124.0,4.0,0.0,1.0,1.0,0.0,0.0,0.0,3.0,2.0,0.0,0.0,3,3,2.825606475188562,3.2507102774350267,-0.4251038022464648
663,0.0,1304.0,3.0,3.0,1082.0,1.0,6.0,29.0,0.0,0.0,3.0,2.0,2.0,1.0,18.0,11.0,0.0,0.0,0.0,0.0,0.0,0.0,0.0,0.0,0.0,0.0,1.0,0.0,1.0,0.0,0.0,0.0,0.0,0.0,0.0,0.0,0.0,2.535,1.641,2.0,127.0,4.0,0.0,2.0,1.0,0.0,1.0,0.0,3.0,2.0,0.0,0.0,3,3,2.8046979266773038,3.2403829813719938,-0.43568505469469
664,0.0,1304.0,3.0,3.0,1123.0,1.0,6.0,30.0,0.0,0.0,3.0,2.0,2.0,2.0,19.0,11.0,0.0,0.0,0.0,0.0,0.0,0.0,0.0,0.0,0.0,0.0,0.0,0.0,1.0,0.0,0.0,0.0,0.0,0.0,0.0,0.0,0.0,18.615,17.285,4.0,96.0,0.0,0.0,0.0,2.0,0.0,1.0,0.0,3.0,2.0,0.0,0.0,3,3,2.793974332389067,3.2199721556722163,-0.4259978232831494
665,1.0,1304.0,3.0,3.0,1185.0,1.0,6.0,31.0,0.0,0.0,3.0,2.0,2.0,1.0,19.0,12.0,0.0,0.0,0.0,0.0,0.0,1.0,1.0,0.0,0.0,0.0,0.0,0.0,1.0,0.0,1.0,1.0,0.0,0.0,0.0,1.0,0.0,21.853,13.534,5.0,111.0,3.0,1.0,0.0,3.0,0.0,1.0,0.0,3.0,2.0,0.0,0.0,3,3,2.794531871769818,3.1903657225189614,-0.39583385074914323
666,1.0,1304.0,3.0,3.0,1219.0,1.0,6.0,32.0,0.0,0.0,3.0,2.0,2.0,2.0,19.0,13.0,0.0,0.0,0.0,0.0,0.0,1.0,1.0,0.0,0.0,0.0,0.0,0.0,1.0,0.0,1.0,1.0,0.0,0.0,0.0,1.0,0.0,18.443,21.823,5.0,89.0,3.0,1.0,1.0,3.0,0.0,2.0,0.0,3.0,2.0,0.0,0.0,3,3,2.8070763759313335,3.152748828869122,-0.3456724529377886
667,1.0,1304.0,3.0,3.0,1271.0,1.0,6.0,33.0,0.0,0.0,3.0,2.0,2.0,1.0,19.0,14.0,0.0,0.0,0.0,0.0,0.0,0.0,0.0,0.0,0.0,0.0,0.0,0.0,0.0,0.0,0.0,0.0,0.0,0.0,0.0,0.0,0.0,4.217,2.317,1.0,132.0,4.0,0.0,0.0,3.0,0.0,3.0,0.0,3.0,2.0,0.0,0.0,3,3,2.8319167513694032,3.108549175226062,-0.27663242385665887
668,0.0,1304.0,3.0,3.0,1292.0,1.0,6.0,34.0,0.0,0.0,3.0,2.0,2.0,2.0,20.0,14.0,0.0,0.0,0.0,0.0,0.0,0.0,0.0,0.0,1.0,0.0,1.0,0.0,0.0,0.0,0.0,0.0,0.0,0.0,0.0,0.0,0.0,7.924,6.05,0.0,0.0,2.0,1.0,0.0,3.0,0.0,4.0,0.0,3.0,2.0,0.0,0.0,3,3,2.8689702068357708,3.0593795118164717,-0.19040930498070097
669,1.0,1304.0,3.0,3.0,1332.0,1.0,6.0,35.0,0.0,0.0,3.0,2.0,2.0,1.0,20.0,15.0,0.0,0.0,0.0,0.0,0.0,1.0,2.0,0.0,0.0,0.0,0.0,0.0,0.0,0.0,0.0,0.0,0.0,0.0,0.0,0.0,0.0,16.044,11.819,3.0,118.0,3.0,0.0,0.0,3.0,0.0,3.0,0.0,3.0,2.0,0.0,0.0,3,3,2.9177779978949347,3.0069790204638225,-0.08920102256888773
670,1.0,1304.0,3.0,3.0,1360.0,1.0,6.0,36.0,0.0,0.0,3.0,2.0,2.0,1.0,20.0,16.0,2.0,0.0,0.0,0.0,0.0,1.0,1.0,0.0,0.0,0.0,0.0,0.0,0.0,0.0,0.0,0.0,0.0,0.0,0.0,0.0,0.0,8.31,7.44,3.0,121.0,4.0,0.0,0.0,3.0,0.0,4.0,0.0,3.0,3.0,0.0,0.0,3,3,2.9775303102283655,2.9531551347411895,0.024375175487175937
671,0.0,1304.0,3.0,3.0,1396.0,1.0,7.0,37.0,0.0,0.0,3.0,3.0,1.0,1.0,21.0,16.0,0.0,0.0,0.0,0.0,0.0,0.0,0.0,0.0,0.0,0.0,0.0,0.0,0.0,0.0,0.0,0.0,0.0,0.0,0.0,0.0,0.0,9.239,9.474,1.0,102.0,3.0,1.0,0.0,0.0,0.0,0.0,0.0,3.0,3.0,0.0,0.0,3,3,3.0470988503243372,2.899727177651439,0.1473716726728984
672,1.0,1304.0,3.0,3.0,1417.0,1.0,7.0,38.0,0.0,0.0,3.0,3.0,1.0,1.0,21.0,17.0,0.0,0.0,0.0,0.0,0.0,1.0,1.0,0.0,0.0,0.0,0.0,0.0,1.0,0.0,1.0,0.0,0.0,0.0,0.0,0.0,0.0,9.381,11.904,4.0,111.0,2.0,0.0,0.0,1.0,0.0,0.0,0.0,3.0,3.0,0.0,0.0,3,3,3.12507569559172,2.84847301840282,0.2766026771889001
673,0.0,1304.0,3.0,3.0,1441.0,1.0,7.0,39.0,0.0,0.0,3.0,3.0,1.0,1.0,22.0,17.0,0.0,0.0,1.0,0.0,1.0,0.0,0.0,0.0,0.0,0.0,0.0,0.0,0.0,0.0,0.0,0.0,0.0,0.0,0.0,0.0,0.0,1.32,1.106,1.0,120.0,3.0,1.0,2.0,1.0,0.0,1.0,0.0,3.0,3.0,0.0,0.0,3,3,3.2098169702537893,2.801079770785351,0.4087371994684381
674,1.0,1304.0,3.0,3.0,1458.0,1.0,7.0,40.0,0.0,0.0,3.0,3.0,1.0,1.0,22.0,18.0,0.0,0.0,0.0,0.0,0.0,0.0,0.0,0.0,0.0,1.0,0.0,0.0,0.0,0.0,0.0,0.0,0.0,0.0,0.0,0.0,0.0,13.15,12.207,4.0,121.0,1.0,0.0,0.0,2.0,0.0,1.0,0.0,3.0,3.0,0.0,0.0,3,3,3.2994899540749074,2.759099377852137,0.5403905762227703
675,0.0,1304.0,3.0,3.0,1482.0,1.0,7.0,41.0,0.0,0.0,3.0,3.0,1.0,1.0,23.0,18.0,0.0,0.0,0.0,0.0,0.0,0.0,0.0,0.0,0.0,0.0,0.0,1.0,0.0,1.0,0.0,0.0,0.0,0.0,0.0,0.0,0.0,8.032,5.627,1.0,107.0,3.0,1.0,0.0,2.0,0.0,2.0,0.0,3.0,3.0,0.0,0.0,3,3,3.3921222937618634,2.723909753425723,0.6682125403361403
676,1.0,1304.0,3.0,3.0,1505.0,1.0,7.0,42.0,0.0,0.0,3.0,3.0,1.0,2.0,23.0,19.0,0.0,0.0,0.0,0.0,0.0,0.0,0.0,0.0,0.0,0.0,0.0,0.0,1.0,0.0,1.0,0.0,0.0,0.0,0.0,0.0,0.0,16.54,16.191,4.0,79.0,1.0,0.0,1.0,3.0,0.0,2.0,0.0,3.0,3.0,0.0,0.0,3,3,3.4856520678679965,2.696681982442128,0.7889700854258686
677,1.0,1304.0,3.0,3.0,1546.0,1.0,7.0,43.0,0.0,0.0,3.0,3.0,1.0,1.0,23.0,20.0,0.0,0.0,0.0,0.0,0.0,0.0,0.0,0.0,0.0,1.0,0.0,0.0,0.0,0.0,0.0,0.0,0.0,0.0,0.0,0.0,0.0,7.662,11.092,2.0,101.0,3.0,1.0,0.0,3.0,0.0,3.0,0.0,3.0,3.0,0.0,0.0,3,3,3.5779775515622516,2.6783539211007916,0.89962363046146
678,1.0,1304.0,3.0,3.0,1569.0,1.0,7.0,44.0,0.0,0.0,3.0,3.0,1.0,2.0,23.0,21.0,2.0,0.0,0.0,0.0,0.0,0.0,0.0,0.0,0.0,1.0,0.0,1.0,0.0,0.0,0.0,0.0,1.0,0.0,1.0,0.0,0.0,34.949,32.707,8.0,86.0,1.0,0.0,0.0,3.0,0.0,4.0,0.0,3.0,4.0,0.0,0.0,4,3,3.6670056343643527,2.6696103857316666,0.997395248632686
679,0.0,1304.0,3.0,3.0,1692.0,1.0,8.0,45.0,0.0,0.0,3.0,4.0,2.0,2.0,24.0,21.0,0.0,0.0,0.0,0.0,0.0,0.0,0.0,0.0,0.0,0.0,1.0,0.0,0.0,0.0,0.0,0.0,0.0,0.0,0.0,0.0,0.0,6.688,5.476,2.0,112.0,3.0,1.0,1.0,0.0,0.0,0.0,0.0,3.0,4.0,0.0,0.0,4,3,3.750697958893802,2.6708699775003217,1.0798279813934801
680,1.0,1304.0,3.0,3.0,1727.0,1.0,8.0,46.0,0.0,0.0,3.0,4.0,2.0,1.0,24.0,22.0,0.0,0.0,0.0,0.0,0.0,1.0,1.0,0.0,0.0,0.0,0.0,0.0,0.0,0.0,0.0,0.0,0.0,0.0,0.0,0.0,0.0,9.21,6.282,3.0,121.0,4.0,0.0,0.0,1.0,0.0,0.0,0.0,3.0,4.0,0.0,0.0,4,3,3.827113968988381,2.682278459564829,1.1448355094235518
681,0.0,1304.0,3.0,3.0,1753.0,1.0,8.0,47.0,0.0,0.0,3.0,4.0,2.0,2.0,25.0,22.0,0.0,0.0,0.0,0.0,0.0,0.0,0.0,0.0,0.0,0.0,1.0,0.0,0.0,0.0,0.0,0.0,0.0,0.0,0.0,0.0,0.0,7.279,6.223,2.0,117.0,1.0,0.0,0.0,1.0,0.0,1.0,0.0,3.0,4.0,0.0,0.0,4,3,3.8944501788185564,2.7037084849123776,1.1907416939061788
682,1.0,1304.0,3.0,3.0,1789.0,1.0,8.0,48.0,0.0,0.0,3.0,4.0,2.0,1.0,25.0,23.0,0.0,0.0,0.0,0.0,0.0,1.0,1.0,0.0,0.0,0.0,0.0,0.0,1.0,0.0,1.0,0.0,0.0,0.0,0.0,0.0,0.0,28.009,22.35,5.0,122.0,4.0,0.0,0.0,2.0,0.0,1.0,0.0,3.0,4.0,0.0,0.0,4,3,3.9510750985414034,2.7347653674130115,1.216309731128392
683,1.0,1304.0,3.0,3.0,1826.0,1.0,8.0,49.0,0.0,0.0,3.0,4.0,2.0,1.0,25.0,24.0,0.0,0.0,0.0,0.0,0.0,1.0,1.0,0.0,0.0,0.0,0.0,0.0,1.0,0.0,1.0,0.0,0.0,0.0,0.0,0.0,0.0,24.155,15.546,5.0,121.0,3.0,1.0,0.0,2.0,0.0,2.0,0.0,3.0,4.0,0.0,0.0,4,3,3.995559374674791,2.7747984960503924,1.2207608786243984
684,0.0,1304.0,3.0,3.0,1856.0,1.0,8.0,50.0,0.0,0.0,3.0,4.0,2.0,1.0,26.0,24.0,0.0,0.0,0.0,0.0,0.0,0.0,0.0,0.0,0.0,0.0,1.0,0.0,1.0,0.0,0.0,0.0,0.0,0.0,0.0,0.0,0.0,7.556,11.411,2.0,114.0,3.0,1.0,0.0,2.0,0.0,3.0,0.0,3.0,4.0,0.0,0.0,4,3,4.026700822927823,2.8229179130224527,1.20378290990537
685,1.0,1304.0,3.0,3.0,1897.0,1.0,8.0,51.0,0.0,0.0,3.0,4.0,2.0,2.0,26.0,25.0,0.0,0.0,0.0,0.0,0.0,1.0,1.0,0.0,0.0,0.0,0.0,0.0,0.0,0.0,0.0,0.0,0.0,0.0,0.0,0.0,0.0,10.532,8.047,3.0,123.0,4.0,0.0,0.0,3.0,0.0,3.0,0.0,3.0,4.0,0.0,0.0,4,3,4.043544146239399,2.8780155105283574,1.1655286357110417
686,1.0,1304.0,3.0,3.0,1938.0,1.0,8.0,52.0,0.0,0.0,3.0,4.0,2.0,2.0,26.0,26.0,2.0,0.0,0.0,0.0,0.0,1.0,1.0,0.0,0.0,0.0,0.0,0.0,0.0,0.0,0.0,0.0,0.0,0.0,0.0,0.0,0.0,7.888,7.95,3.0,95.0,2.0,0.0,1.0,3.0,0.0,4.0,0.0,3.0,5.0,0.0,0.0,4,3,4.0453952399551705,2.938790248415045,1.1066049915401255
687,1.0,1304.0,3.0,3.0,1989.0,1.0,9.0,53.0,0.0,0.0,3.0,5.0,1.0,2.0,26.0,27.0,0.0,0.0,0.0,0.0,0.0,0.0,0.0,0.0,0.0,0.0,0.0,0.0,1.0,0.0,1.0,0.0,0.0,0.0,0.0,0.0,0.0,7.041,11.253,2.0,89.0,0.0,0.0,0.0,0.0,0.0,0.0,0.0,3.0,5.0,0.0,0.0,4,3,4.031830088208932,3.003776755214518,1.0280533329944141
688,1.0,1304.0,3.0,3.0,2017.0,1.0,9.0,54.0,0.0,0.0,3.0,5.0,1.0,1.0,26.0,28.0,0.0,0.0,0.0,0.0,0.0,0.0,0.0,0.0,0.0,0.0,0.0,0.0,0.0,0.0,0.0,0.0,0.0,0.0,0.0,0.0,0.0,6.112,6.229,2.0,102.0,0.0,0.0,0.0,0.0,0.0,1.0,0.0,3.0,5.0,0.0,0.0,4,3,4.002698349969037,3.0713766481113822,0.9313217018576552
689,1.0,1304.0,3.0,3.0,2038.0,1.0,9.0,55.0,0.0,0.0,3.0,5.0,1.0,2.0,26.0,29.0,0.0,0.0,0.0,0.0,0.0,1.0,2.0,0.0,0.0,0.0,0.0,1.0,0.0,0.0,0.0,0.0,0.0,0.0,0.0,0.0,0.0,26.559,27.826,8.0,103.0,2.0,1.0,1.0,0.0,0.0,2.0,0.0,3.0,5.0,0.0,0.0,4,3,3.958121819016853,3.1398918924268266,0.8182299265900261
690,1.0,1304.0,3.0,3.0,2082.0,1.0,9.0,56.0,0.0,0.0,3.0,5.0,1.0,2.0,26.0,30.0,2.0,2.0,0.0,0.0,0.0,1.0,2.0,0.0,0.0,0.0,0.0,0.0,0.0,0.0,0.0,0.0,1.0,0.0,1.0,0.0,0.0,3.239,4.422,2.0,84.0,2.0,0.0,1.0,0.0,0.0,3.0,0.0,3.0,6.0,0.0,1.0,4,3,3.8984880187624746,3.2075595178291447,0.6909285009333299
691,1.0,1304.0,3.0,3.0,2239.0,2.0,1.0,57.0,0.0,1.0,0.0,0.0,2.0,1.0,26.0,31.0,0.0,0.0,0.0,0.0,0.0,1.0,2.0,0.0,0.0,0.0,0.0,0.0,1.0,0.0,1.0,0.0,0.0,0.0,0.0,0.0,0.0,22.316,19.159,5.0,112.0,3.0,1.0,1.0,0.0,0.0,0.0,0.0,3.0,6.0,0.0,1.0,4,3,3.8244392601538006,3.2725870158620087,0.5518522442917919
692,0.0,1304.0,3.0,3.0,2280.0,2.0,1.0,58.0,0.0,1.0,0.0,0.0,2.0,1.0,27.0,31.0,0.0,0.0,0.0,0.0,0.0,0.0,0.0,0.0,0.0,0.0,0.0,0.0,0.0,0.0,0.0,0.0,0.0,0.0,0.0,0.0,0.0,5.647,4.929,2.0,119.0,4.0,0.0,1.0,0.0,0.0,1.0,0.0,3.0,6.0,0.0,1.0,4,3,3.736857548402401,3.333187760808727,0.4036697875936741
693,0.0,1304.0,3.0,3.0,2303.0,2.0,1.0,59.0,0.0,1.0,0.0,0.0,2.0,1.0,28.0,31.0,0.0,0.0,0.0,0.0,0.0,0.0,0.0,0.0,0.0,0.0,1.0,0.0,0.0,0.0,0.0,0.0,0.0,0.0,0.0,0.0,0.0,8.31,6.669,2.0,125.0,4.0,0.0,1.0,1.0,0.0,1.0,0.0,3.0,6.0,0.0,1.0,3,3,3.6368457720918204,3.3876158224978012,0.24922994959401912
694,1.0,1304.0,3.0,3.0,2329.0,2.0,1.0,60.0,0.0,1.0,0.0,0.0,2.0,2.0,28.0,32.0,0.0,0.0,0.0,0.0,0.0,0.0,0.0,0.0,0.0,0.0,0.0,0.0,0.0,0.0,0.0,0.0,0.0,0.0,0.0,0.0,0.0,5.765,3.757,1.0,114.0,4.0,0.0,1.0,2.0,0.0,1.0,0.0,3.0,6.0,0.0,1.0,3,3,3.525705646333882,3.434199574594876,0.09150607173900571
695,1.0,1304.0,3.0,3.0,2369.0,2.0,1.0,61.0,0.0,1.0,0.0,0.0,2.0,1.0,28.0,33.0,0.0,0.0,0.0,0.0,0.0,1.0,1.0,0.0,0.0,0.0,0.0,0.0,0.0,0.0,0.0,0.0,0.0,0.0,0.0,0.0,0.0,24.947,28.258,9.0,131.0,4.0,0.0,0.0,2.0,0.0,2.0,0.0,3.0,6.0,0.0,1.0,3,3,3.404912910048142,3.4713735441384377,-0.06646063409029557
696,1.0,1304.0,3.0,3.0,2430.0,2.0,1.0,62.0,0.0,1.0,0.0,0.0,2.0,1.0,28.0,34.0,2.0,0.0,0.0,1.0,0.0,1.0,0.0,0.0,0.0,0.0,0.0,0.0,0.0,0.0,0.0,0.0,0.0,0.0,0.0,0.0,0.0,1.328,0.888,1.0,120.0,3.0,1.0,2.0,2.0,0.0,3.0,0.0,3.0,7.0,0.0,1.0,3,3,3.2760902968217342,3.49770799672734,-0.22161769990560565
697,0.0,1304.0,3.0,3.0,2474.0,2.0,2.0,63.0,0.0,1.0,0.0,1.0,1.0,1.0,29.0,34.0,0.0,0.0,0.0,0.0,0.0,0.0,0.0,0.0,0.0,0.0,1.0,0.0,1.0,0.0,0.0,0.0,0.0,0.0,0.0,0.0,0.0,9.908,23.101,1.0,106.0,4.0,0.0,1.0,0.0,0.0,0.0,0.0,3.0,7.0,0.0,1.0,3,3,3.140978808839849,3.5119358058104586,-0.3709569969706097
698,0.0,1304.0,3.0,3.0,2495.0,2.0,2.0,64.0,0.0,1.0,0.0,1.0,1.0,2.0,30.0,34.0,0.0,0.0,0.0,0.0,1.0,0.0,1.0,0.0,0.0,0.0,0.0,0.0,0.0,0.0,0.0,0.0,0.0,0.0,0.0,0.0,0.0,14.547,13.954,5.0,89.0,1.0,0.0,0.0,1.0,0.0,0.0,0.0,3.0,7.0,0.0,1.0,3,3,3.0014078254130094,3.512976213003152,-0.5115683875901427
699,0.0,1304.0,3.0,3.0,2532.0,2.0,2.0,65.0,0.0,1.0,0.0,1.0,1.0,2.0,31.0,34.0,0.0,0.0,0.0,0.0,0.0,0.0,0.0,0.0,0.0,0.0,0.0,0.0,0.0,0.0,0.0,0.0,0.0,0.0,0.0,0.0,0.0,3.7,5.143,1.0,104.0,3.0,1.0,0.0,2.0,0.0,0.0,0.0,3.0,7.0,0.0,1.0,3,3,2.859264571318693,3.4999551481568085,-0.6406905768381157
700,0.0,1304.0,3.0,3.0,2559.0,2.0,2.0,66.0,0.0,1.0,0.0,1.0,1.0,1.0,32.0,34.0,1.0,0.0,0.0,0.0,0.0,0.0,0.0,0.0,0.0,0.0,0.0,0.0,0.0,0.0,0.0,0.0,0.0,0.0,0.0,0.0,0.0,7.825,5.744,1.0,122.0,0.0,0.0,1.0,3.0,0.0,0.0,0.0,4.0,7.0,0.0,1.0,3,3,2.7164634563151413,3.4722218422583087,-0.7557583859431674
701,0.0,1304.0,3.0,3.0,2615.0,2.0,3.0,67.0,0.0,1.0,1.0,1.0,2.0,2.0,33.0,34.0,0.0,0.0,0.0,0.0,0.0,0.0,0.0,0.0,0.0,0.0,1.0,0.0,1.0,0.0,0.0,0.0,0.0,0.0,0.0,0.0,0.0,7.67,7.997,2.0,112.0,1.0,1.0,0.0,0.0,0.0,0.0,0.0,4.0,7.0,0.0,1.0,3,3,2.574915777346096,3.4293615319972615,-0.8544457546511657
702,0.0,1304.0,3.0,3.0,2648.0,2.0,3.0,68.0,0.0,1.0,1.0,1.0,2.0,2.0,34.0,34.0,0.0,0.0,0.0,0.0,1.0,0.0,2.0,0.0,0.0,0.0,0.0,0.0,1.0,0.0,0.0,0.0,0.0,0.0,0.0,0.0,0.0,14.721,17.152,4.0,105.0,2.0,0.0,0.0,1.0,0.0,0.0,0.0,4.0,7.0,0.0,1.0,3,3,2.4365002478409234,3.3712041211447543,-0.9347038733038309
703,0.0,1304.0,3.0,3.0,2698.0,2.0,3.0,69.0,0.0,1.0,1.0,1.0,2.0,2.0,35.0,34.0,0.0,0.0,0.0,0.0,0.0,0.0,0.0,0.0,1.0,0.0,1.0,0.0,0.0,0.0,0.0,0.0,0.0,0.0,0.0,0.0,0.0,1.571,1.508,0.0,0.0,3.0,1.0,2.0,2.0,0.0,0.0,0.0,4.0,7.0,0.0,1.0,3,3,2.303034786929139,3.2978287298063744,-0.9947939428772354
704,1.0,1304.0,3.0,3.0,2724.0,2.0,3.0,70.0,0.0,1.0,1.0,1.0,2.0,1.0,35.0,35.0,0.0,0.0,0.0,0.0,0.0,0.0,0.0,0.0,0.0,0.0,0.0,0.0,1.0,0.0,1.0,1.0,0.0,0.0,0.0,1.0,0.0,4.473,6.129,1.0,127.0,1.0,0.0,0.0,3.0,0.0,0.0,0.0,4.0,7.0,0.0,1.0,3,3,2.1762499647518965,3.209564127471421,-1.0333141627195244
705,0.0,1304.0,3.0,3.0,2772.0,2.0,3.0,71.0,0.0,1.0,1.0,1.0,2.0,1.0,36.0,35.0,1.0,0.0,0.0,0.0,0.0,0.0,0.0,0.0,0.0,0.0,1.0,0.0,0.0,0.0,0.0,1.0,0.0,1.0,0.0,0.0,0.0,18.529,17.844,4.0,116.0,3.0,1.0,1.0,3.0,0.0,1.0,0.0,5.0,7.0,0.0,1.0,3,3,2.0577644593482054,3.1069851083906004,-1.049220649042395
706,0.0,1304.0,3.0,3.0,2903.0,2.0,4.0,72.0,0.0,1.0,2.0,1.0,1.0,1.0,37.0,35.0,0.0,0.0,1.0,0.0,1.0,0.0,0.0,0.0,0.0,0.0,0.0,0.0,0.0,0.0,0.0,0.0,0.0,0.0,0.0,0.0,0.0,1.165,1.575,1.0,104.0,3.0,1.0,2.0,0.0,0.0,0.0,0.0,5.0,7.0,0.0,1.0,3,0,1.9490628367483553,2.9909049278995594,-1.041842091151204
707,0.0,1304.0,3.0,3.0,2921.0,2.0,4.0,73.0,0.0,1.0,2.0,1.0,1.0,1.0,38.0,35.0,0.0,0.0,0.0,0.0,0.0,0.0,0.0,0.0,0.0,0.0,0.0,0.0,0.0,0.0,0.0,0.0,0.0,0.0,0.0,0.0,0.0,3.682,3.603,1.0,120.0,2.0,0.0,1.0,1.0,0.0,0.0,0.0,5.0,7.0,0.0,1.0,3,4,1.8514759200155086,2.8623639748078795,-1.0108880547923709
708,0.0,1304.0,3.0,3.0,2940.0,2.0,4.0,74.0,0.0,1.0,2.0,1.0,1.0,1.0,39.0,35.0,0.0,0.0,1.0,0.0,1.0,0.0,0.0,0.0,0.0,0.0,0.0,0.0,0.0,0.0,0.0,0.0,0.0,0.0,0.0,0.0,0.0,1.504,0.948,1.0,110.0,2.0,0.0,2.0,2.0,0.0,0.0,0.0,5.0,7.0,0.0,1.0,3,4,1.7661639642946836,2.7226149074884813,-0.9564509431937978
709,1.0,1304.0,3.0,3.0,2972.0,2.0,4.0,75.0,0.0,1.0,2.0,1.0,1.0,1.0,39.0,36.0,0.0,0.0,0.0,0.0,0.0,1.0,1.0,0.0,0.0,0.0,0.0,0.0,0.0,0.0,0.0,0.0,0.0,0.0,0.0,0.0,0.0,3.803,4.007,2.0,122.0,4.0,0.0,0.0,3.0,0.0,0.0,0.0,5.0,7.0,0.0,1.0,1,4,1.694102806564033,2.573104529173971,-0.8790017226099383
710,0.0,1304.0,3.0,3.0,2990.0,2.0,4.0,76.0,0.0,1.0,2.0,1.0,1.0,1.0,40.0,36.0,1.0,0.0,1.0,0.0,1.0,0.0,0.0,0.0,0.0,0.0,0.0,0.0,0.0,0.0,0.0,0.0,0.0,0.0,0.0,0.0,0.0,0.825,1.031,1.0,110.0,3.0,1.0,2.0,3.0,0.0,1.0,0.0,6.0,7.0,0.0,1.0,1,4,1.636073108782425,2.415452720718847,-0.779379611936422
711,1.0,1304.0,3.0,3.0,3014.0,2.0,5.0,77.0,0.0,1.0,3.0,1.0,2.0,1.0,40.0,37.0,0.0,0.0,0.0,1.0,0.0,1.0,0.0,0.0,0.0,0.0,0.0,0.0,0.0,0.0,0.0,0.0,0.0,0.0,0.0,0.0,0.0,0.994,0.837,1.0,121.0,4.0,1.0,2.0,0.0,0.0,0.0,0.0,6.0,7.0,0.0,1.0,1,4,1.5926527645995248,2.2514287866207283,-0.6587760220212036
712,0.0,1304.0,3.0,3.0,3026.0,2.0,5.0,78.0,0.0,1.0,3.0,1.0,2.0,2.0,41.0,37.0,0.0,0.0,0.0,0.0,0.0,0.0,0.0,0.0,1.0,0.0,1.0,0.0,0.0,0.0,0.0,0.0,0.0,0.0,0.0,0.0,0.0,1.691,1.718,0.0,0.0,4.0,1.0,2.0,0.0,0.0,1.0,0.0,6.0,7.0,0.0,1.0,1,4,1.564212490781994,2.08292560108526,-0.5187131103032661
713,1.0,1304.0,3.0,3.0,3054.0,2.0,5.0,79.0,0.0,1.0,3.0,1.0,2.0,1.0,41.0,38.0,0.0,0.0,0.0,0.0,0.0,1.0,1.0,0.0,0.0,0.0,0.0,1.0,0.0,0.0,0.0,0.0,0.0,0.0,0.0,0.0,0.0,26.331,25.868,7.0,125.0,1.0,0.0,0.0,1.0,0.0,1.0,0.0,6.0,7.0,0.0,1.0,1,2,1.5509145789006493,1.9119319670546915,-0.36101738815404216
714,1.0,1304.0,3.0,3.0,3104.0,2.0,5.0,80.0,0.0,1.0,3.0,1.0,2.0,1.0,41.0,39.0,0.0,0.0,0.0,0.0,0.0,0.0,0.0,0.0,0.0,0.0,0.0,0.0,0.0,0.0,0.0,0.0,0.0,0.0,0.0,0.0,0.0,7.61,5.101,1.0,119.0,3.0,1.0,1.0,1.0,0.0,2.0,0.0,6.0,7.0,0.0,1.0,1,1,1.5527147374612755,1.7405036198107056,-0.18778888234943003
715,1.0,1304.0,3.0,3.0,3121.0,2.0,5.0,81.0,0.0,1.0,3.0,1.0,2.0,1.0,41.0,40.0,2.0,0.0,0.0,0.0,0.0,0.0,0.0,0.0,0.0,0.0,0.0,0.0,1.0,0.0,1.0,0.0,0.0,0.0,0.0,0.0,0.0,2.424,2.256,1.0,110.0,3.0,1.0,2.0,1.0,0.0,3.0,0.0,6.0,8.0,0.0,1.0,1,2,1.569366912758965,1.5707333195558917,-0.001366406796926789
716,1.0,1304.0,3.0,3.0,3216.0,2.0,6.0,82.0,0.0,1.0,3.0,2.0,1.0,2.0,41.0,41.0,0.0,0.0,0.0,0.0,0.0,0.0,0.0,0.0,0.0,0.0,0.0,0.0,0.0,0.0,0.0,0.0,0.0,0.0,0.0,0.0,0.0,4.154,5.99,2.0,98.0,2.0,0.0,1.0,0.0,0.0,0.0,0.0,6.0,8.0,0.0,1.0,1,1,1.600430938081888,1.404720484478673,0.19571045360321504
717,1.0,1304.0,3.0,3.0,3243.0,2.0,6.0,83.0,0.0,1.0,3.0,2.0,1.0,1.0,41.0,42.0,0.0,0.0,0.0,0.0,0.0,0.0,0.0,0.0,0.0,1.0,0.0,0.0,0.0,0.0,0.0,0.0,0.0,0.0,0.0,0.0,0.0,12.593,16.381,4.0,100.0,2.0,0.0,0.0,0.0,0.0,1.0,0.0,6.0,8.0,0.0,1.0,0,2,1.6452828246009048,1.2445408157071993,0.4007420088937055
718,1.0,1304.0,3.0,3.0,3268.0,2.0,6.0,84.0,0.0,1.0,3.0,2.0,1.0,2.0,41.0,43.0,0.0,0.0,0.0,0.0,0.0,0.0,0.0,0.0,0.0,1.0,0.0,0.0,0.0,0.0,0.0,0.0,0.0,0.0,0.0,0.0,0.0,11.404,14.005,2.0,90.0,4.0,0.0,1.0,0.0,0.0,2.0,0.0,6.0,8.0,0.0,1.0,0,1,1.7031274759188215,1.0922163592618608,0.6109111166569607
719,0.0,1304.0,3.0,3.0,3308.0,2.0,6.0,85.0,0.0,1.0,3.0,2.0,1.0,1.0,42.0,43.0,0.0,0.0,0.0,0.0,1.0,0.0,1.0,0.0,0.0,0.0,0.0,0.0,0.0,0.0,0.0,0.0,1.0,0.0,0.0,0.0,1.0,7.89,9.443,3.0,107.0,4.0,0.0,0.0,0.0,0.0,3.0,0.0,6.0,8.0,0.0,1.0,0,2,1.7730135799388163,0.9496864390755397,0.8233271408632765
720,0.0,1304.0,3.0,3.0,3342.0,2.0,6.0,86.0,0.0,1.0,3.0,2.0,1.0,1.0,43.0,43.0,0.0,0.0,0.0,0.0,0.0,0.0,0.0,0.0,0.0,0.0,0.0,0.0,0.0,0.0,0.0,0.0,1.0,0.0,0.0,0.0,1.0,5.492,6.86,1.0,105.0,2.0,0.0,0.0,1.0,0.0,3.0,0.0,6.0,8.0,0.0,1.0,0,4,1.8538504086281093,0.8187798767742238,1.0350705318538855
721,0.0,1304.0,3.0,3.0,3360.0,2.0,6.0,87.0,0.0,1.0,3.0,2.0,1.0,2.0,44.0,43.0,0.0,0.0,0.0,0.0,0.0,0.0,0.0,0.0,0.0,0.0,0.0,0.0,0.0,0.0,0.0,0.0,1.0,0.0,0.0,0.0,1.0,10.714,11.982,3.0,79.0,1.0,0.0,0.0,2.0,0.0,3.0,0.0,6.0,8.0,0.0,1.0,0,0,1.944426235085326,0.7011888915600835,1.2432373435252426
722,1.0,1304.0,3.0,3.0,3400.0,2.0,6.0,88.0,0.0,1.0,3.0,2.0,1.0,1.0,44.0,44.0,0.0,0.0,0.0,0.0,0.0,0.0,0.0,0.0,0.0,1.0,0.0,0.0,0.0,0.0,0.0,0.0,0.0,0.0,0.0,0.0,0.0,5.875,11.046,2.0,98.0,3.0,0.0,0.0,3.0,0.0,3.0,0.0,6.0,8.0,0.0,1.0,0,0,2.0434280658519084,0.5984450455474919,1.4449830203044165
723,0.0,1304.0,3.0,3.0,3425.0,2.0,6.0,89.0,0.0,1.0,3.0,2.0,1.0,1.0,45.0,44.0,0.0,0.0,0.0,0.0,0.0,0.0,0.0,0.0,0.0,0.0,0.0,1.0,0.0,1.0,0.0,0.0,1.0,0.0,0.0,0.0,1.0,22.151,26.75,5.0,111.0,4.0,1.0,0.0,3.0,0.0,4.0,0.0,6.0,8.0,0.0,1.0,4,0,2.149462372333725,0.5118975664459469,1.637564805887778
724,1.0,1304.0,3.0,3.0,3480.0,2.0,6.0,90.0,0.0,1.0,3.0,2.0,1.0,2.0,45.0,45.0,0.0,0.0,0.0,0.0,0.0,0.0,0.0,0.0,0.0,1.0,0.0,0.0,0.0,0.0,0.0,0.0,0.0,0.0,0.0,0.0,0.0,15.336,16.788,4.0,85.0,4.0,0.0,0.0,3.0,0.0,3.0,0.0,6.0,8.0,0.0,1.0,4,0,2.2610765015995495,0.4426943445922671,1.8183821570072825
725,0.0,1304.0,3.0,3.0,3520.0,2.0,6.0,91.0,0.0,1.0,3.0,2.0,1.0,1.0,46.0,45.0,0.0,0.0,0.0,0.0,1.0,0.0,1.0,0.0,0.0,0.0,0.0,1.0,0.0,1.0,0.0,0.0,1.0,0.0,0.0,0.0,1.0,23.922,37.318,7.0,109.0,0.0,0.0,0.0,3.0,0.0,4.0,0.0,6.0,8.0,0.0,1.0,4,0,2.376780446249987,0.3917658597877174,1.9850145864622695
726,0.0,1304.0,3.0,3.0,3562.0,2.0,6.0,92.0,0.0,1.0,3.0,2.0,1.0,1.0,47.0,45.0,0.0,0.0,0.0,0.0,0.0,0.0,0.0,0.0,0.0,0.0,0.0,0.0,0.0,0.0,0.0,0.0,0.0,0.0,0.0,0.0,0.0,2.435,3.68,1.0,108.0,2.0,0.0,0.0,3.0,0.0,3.0,0.0,6.0,8.0,0.0,1.0,4,0,2.4950686530354886,0.3598122511911179,2.1352564018443707
727,1.0,1304.0,3.0,3.0,3587.0,2.0,6.0,93.0,0.0,1.0,3.0,2.0,1.0,1.0,47.0,46.0,0.0,0.0,0.0,0.0,0.0,0.0,0.0,0.0,0.0,1.0,0.0,1.0,0.0,0.0,0.0,0.0,0.0,0.0,0.0,0.0,0.0,36.492,31.352,10.0,109.0,0.0,1.0,1.0,4.0,0.0,3.0,0.0,6.0,8.0,0.0,1.0,4,0,2.614441561187106,0.34729369677860467,2.2671478644085012
728,1.0,1304.0,3.0,3.0,3635.0,2.0,6.0,94.0,0.0,1.0,3.0,2.0,1.0,1.0,47.0,47.0,0.0,0.0,0.0,0.0,0.0,0.0,0.0,0.0,0.0,1.0,0.0,0.0,0.0,0.0,0.0,0.0,0.0,0.0,0.0,0.0,0.0,12.349,19.71,4.0,104.0,2.0,0.0,1.0,3.0,0.0,3.0,0.0,6.0,8.0,0.0,1.0,4,0,2.7334265683924794,0.35442422306078214,2.3790023453316973
729,0.0,1304.0,3.0,3.0,3663.0,2.0,6.0,95.0,0.0,1.0,3.0,2.0,1.0,1.0,48.0,47.0,0.0,0.0,0.0,0.0,1.0,0.0,2.0,0.0,0.0,0.0,0.0,1.0,0.0,1.0,0.0,0.0,1.0,0.0,0.0,0.0,1.0,15.893,28.849,5.0,114.0,4.0,1.0,2.0,3.0,0.0,4.0,0.0,6.0,8.0,0.0,1.0,4,0,2.850598142429427,0.381169016339967,2.46942912608946
730,1.0,1304.0,3.0,3.0,3701.0,2.0,6.0,96.0,0.0,1.0,3.0,2.0,1.0,1.0,48.0,48.0,0.0,0.0,0.0,0.0,0.0,1.0,1.0,0.0,0.0,0.0,0.0,1.0,0.0,0.0,0.0,0.0,0.0,0.0,0.0,0.0,0.0,6.942,4.87,2.0,103.0,2.0,0.0,1.0,3.0,0.0,3.0,0.0,6.0,8.0,0.0,1.0,4,0,2.964596809036455,0.4272452572434582,2.5373515517929968
731,1.0,1304.0,3.0,3.0,3729.0,2.0,6.0,97.0,0.0,1.0,3.0,2.0,1.0,2.0,48.0,49.0,2.0,0.0,0.0,0.0,0.0,0.0,0.0,0.0,0.0,1.0,0.0,0.0,0.0,0.0,0.0,0.0,1.0,0.0,1.0,0.0,0.0,7.327,7.389,2.0,87.0,1.0,0.0,0.0,3.0,0.0,4.0,0.0,6.0,9.0,0.0,1.0,4,0,3.0741467748437326,0.4921264519992965,2.582020322844436
732,1.0,1304.0,3.0,3.0,3781.0,2.0,7.0,98.0,0.0,1.0,3.0,3.0,2.0,1.0,48.0,50.0,0.0,0.0,0.0,1.0,0.0,1.0,0.0,0.0,0.0,0.0,0.0,0.0,0.0,0.0,0.0,0.0,0.0,0.0,0.0,0.0,0.0,1.03,0.977,1.0,112.0,3.0,1.0,2.0,0.0,0.0,0.0,0.0,6.0,9.0,0.0,1.0,4,0,3.1780719609256547,0.575050185617652,2.6030217753080027
733,1.0,1304.0,3.0,3.0,3799.0,2.0,7.0,99.0,0.0,1.0,3.0,3.0,2.0,1.0,48.0,51.0,0.0,0.0,0.0,0.0,0.0,0.0,0.0,0.0,0.0,0.0,0.0,0.0,0.0,0.0,0.0,0.0,0.0,0.0,0.0,0.0,0.0,5.809,4.13,1.0,110.0,4.0,0.0,1.0,0.0,0.0,1.0,0.0,6.0,9.0,0.0,1.0,4,0,3.275310259270932,0.6750291737016831,2.600281085569249
734,0.0,1304.0,3.0,3.0,3815.0,2.0,7.0,100.0,0.0,1.0,3.0,3.0,2.0,1.0,49.0,51.0,0.0,0.0,0.0,0.0,1.0,0.0,2.0,0.0,0.0,0.0,0.0,0.0,1.0,0.0,0.0,0.0,0.0,0.0,0.0,0.0,0.0,10.308,11.583,4.0,128.0,0.0,0.0,0.0,0.0,0.0,2.0,0.0,6.0,9.0,0.0,1.0,4,0,3.3649258409362863,0.790865447013184,2.5740603939231024
735,0.0,1304.0,3.0,3.0,3846.0,2.0,7.0,101.0,0.0,1.0,3.0,3.0,2.0,2.0,50.0,51.0,0.0,0.0,0.0,0.0,1.0,0.0,2.0,0.0,0.0,0.0,0.0,0.0,0.0,0.0,0.0,0.0,0.0,0.0,0.0,0.0,0.0,11.336,9.368,4.0,120.0,4.0,0.0,0.0,1.0,0.0,2.0,0.0,6.0,9.0,0.0,1.0,4,0,3.4461193892481874,0.9211674557531593,2.524951933495028
736,0.0,1304.0,3.0,3.0,3887.0,2.0,7.0,102.0,0.0,1.0,3.0,3.0,2.0,2.0,51.0,51.0,0.0,0.0,0.0,0.0,0.0,0.0,0.0,0.0,1.0,0.0,1.0,0.0,0.0,0.0,0.0,0.0,0.0,0.0,0.0,0.0,0.0,4.717,5.188,0.0,0.0,3.0,1.0,1.0,2.0,0.0,2.0,0.0,6.0,9.0,0.0,1.0,4,0,3.518236148711847,1.0643698478729002,2.453866300838947
737,0.0,1304.0,3.0,3.0,3919.0,2.0,7.0,103.0,0.0,1.0,3.0,3.0,2.0,2.0,52.0,51.0,1.0,0.0,0.0,0.0,0.0,0.0,0.0,0.0,0.0,0.0,1.0,0.0,0.0,0.0,0.0,1.0,0.0,1.0,0.0,0.0,0.0,24.962,28.745,8.0,106.0,4.0,0.0,1.0,3.0,0.0,2.0,0.0,7.0,9.0,0.0,1.0,4,0,3.580771726718191,1.2187556305960494,2.3620160961221415
738,0.0,1304.0,3.0,3.0,4048.0,2.0,8.0,104.0,0.0,1.0,4.0,3.0,1.0,2.0,53.0,51.0,0.0,0.0,0.0,0.0,0.0,0.0,0.0,0.0,0.0,0.0,0.0,0.0,0.0,0.0,0.0,0.0,0.0,0.0,0.0,0.0,0.0,3.122,4.432,1.0,94.0,3.0,1.0,1.0,0.0,0.0,0.0,0.0,7.0,9.0,0.0,1.0,3,0,3.633375602869579,1.3824803988901582,2.2508952039794208
739,0.0,1304.0,3.0,3.0,4076.0,2.0,8.0,105.0,0.0,1.0,4.0,3.0,1.0,1.0,54.0,51.0,0.0,0.0,0.0,0.0,0.0,0.0,0.0,0.0,0.0,0.0,0.0,0.0,0.0,0.0,0.0,0.0,0.0,0.0,0.0,0.0,0.0,7.52,6.58,1.0,110.0,4.0,0.0,0.0,1.0,0.0,0.0,0.0,7.0,9.0,0.0,1.0,3,0,3.675852352529691,1.5535982863548603,2.122254066174831
740,0.0,1304.0,3.0,3.0,4093.0,2.0,8.0,106.0,0.0,1.0,4.0,3.0,1.0,1.0,55.0,51.0,0.0,0.0,0.0,0.0,1.0,0.0,0.0,0.0,0.0,0.0,0.0,0.0,0.0,0.0,0.0,0.0,0.0,0.0,0.0,0.0,0.0,1.118,1.243,1.0,128.0,1.0,0.0,2.0,2.0,0.0,0.0,0.0,7.0,9.0,0.0,1.0,3,0,3.7081605995046334,1.730089263047701,1.9780713364569324
741,0.0,1304.0,3.0,3.0,4112.0,2.0,8.0,107.0,0.0,1.0,4.0,3.0,1.0,2.0,56.0,51.0,1.0,0.0,0.0,0.0,0.0,0.0,0.0,0.0,0.0,0.0,1.0,0.0,0.0,0.0,0.0,0.0,0.0,0.0,0.0,0.0,0.0,5.071,5.464,1.0,94.0,1.0,0.0,0.0,3.0,0.0,0.0,0.0,8.0,9.0,0.0,1.0,3,0,3.7304097662738465,1.9098873991923404,1.820522367081506
742,1.0,1304.0,3.0,3.0,4162.0,2.0,9.0,108.0,0.0,1.0,5.0,3.0,2.0,1.0,56.0,52.0,0.0,0.0,0.0,0.0,0.0,0.0,0.0,0.0,0.0,0.0,0.0,0.0,0.0,0.0,0.0,0.0,0.0,0.0,0.0,0.0,0.0,7.154,6.467,1.0,115.0,3.0,1.0,1.0,0.0,0.0,0.0,0.0,8.0,9.0,0.0,1.0,3,4,3.7428547084238093,2.0909096865398427,1.6519450218839666
743,1.0,1304.0,3.0,3.0,4184.0,2.0,9.0,109.0,0.0,1.0,5.0,3.0,2.0,2.0,56.0,53.0,0.0,0.0,0.0,0.0,0.0,0.0,0.0,0.0,0.0,0.0,0.0,0.0,0.0,0.0,0.0,0.0,0.0,0.0,0.0,0.0,0.0,3.66,3.151,1.0,104.0,1.0,0.0,0.0,0.0,0.0,1.0,0.0,8.0,9.0,0.0,1.0,3,4,3.7458883450652034,2.271085016251816,1.4748033288133873
744,1.0,1304.0,3.0,3.0,4208.0,2.0,9.0,110.0,0.0,1.0,5.0,3.0,2.0,1.0,56.0,54.0,0.0,0.0,0.0,0.0,0.0,0.0,0.0,0.0,0.0,1.0,0.0,0.0,0.0,0.0,0.0,0.0,0.0,0.0,0.0,0.0,0.0,18.193,16.467,5.0,125.0,4.0,0.0,0.0,0.0,0.0,2.0,0.0,8.0,9.0,0.0,1.0,3,4,3.7400324370074802,2.4483828944744164,1.2916495425330639
745,1.0,1304.0,3.0,3.0,4226.0,2.0,9.0,111.0,0.0,1.0,5.0,3.0,2.0,2.0,56.0,55.0,2.0,0.0,0.0,0.0,0.0,0.0,0.0,0.0,0.0,0.0,0.0,0.0,0.0,0.0,0.0,0.0,0.0,0.0,0.0,0.0,0.0,4.227,4.248,1.0,114.0,1.0,0.0,1.0,0.0,0.0,3.0,0.0,8.0,10.0,0.0,1.0,3,4,3.7259266705146676,2.620841494922991,1.1050851755916766
746,0.0,1304.0,3.0,3.0,4327.0,2.0,10.0,112.0,0.0,1.0,5.0,4.0,1.0,1.0,57.0,55.0,0.0,0.0,0.0,0.0,0.0,0.0,0.0,0.0,0.0,0.0,0.0,0.0,1.0,0.0,0.0,0.0,0.0,0.0,0.0,0.0,0.0,12.122,18.711,5.0,123.0,0.0,1.0,1.0,0.0,0.0,0.0,0.0,8.0,10.0,0.0,1.0,3,4,3.7043162390711997,2.786594645888616,0.9177215931825837
747,0.0,1304.0,3.0,3.0,4352.0,2.0,10.0,113.0,0.0,1.0,5.0,4.0,1.0,1.0,58.0,55.0,0.0,0.0,0.0,0.0,1.0,0.0,2.0,0.0,0.0,0.0,0.0,0.0,0.0,0.0,0.0,0.0,0.0,0.0,0.0,0.0,0.0,12.816,17.53,5.0,108.0,4.0,1.0,1.0,1.0,0.0,0.0,0.0,8.0,10.0,0.0,1.0,3,4,3.6760381313276107,2.9438973685519496,0.7321407627756611
748,0.0,1304.0,3.0,3.0,4395.0,2.0,10.0,114.0,0.0,1.0,5.0,4.0,1.0,1.0,59.0,55.0,0.0,0.0,0.0,0.0,0.0,0.0,0.0,0.0,0.0,0.0,0.0,0.0,0.0,0.0,0.0,0.0,0.0,0.0,0.0,0.0,0.0,11.976,8.538,1.0,107.0,2.0,0.0,0.0,2.0,0.0,0.0,0.0,8.0,10.0,0.0,1.0,3,4,3.642006340182909,3.0911496042873674,0.5508567358955414
749,0.0,1304.0,3.0,3.0,4420.0,2.0,10.0,115.0,0.0,1.0,5.0,4.0,1.0,2.0,60.0,55.0,1.0,1.0,0.0,0.0,0.0,0.0,0.0,0.0,0.0,0.0,1.0,0.0,0.0,0.0,0.0,0.0,0.0,0.0,0.0,0.0,0.0,3.972,4.494,1.0,84.0,2.0,0.0,1.0,3.0,0.0,0.0,0.0,9.0,10.0,1.0,1.0,3,4,3.6031962316286856,3.2269177869671357,0.3762784446615499
750,1.0,1304.0,3.0,3.0,4670.0,3.0,1.0,116.0,1.0,1.0,0.0,0.0,2.0,1.0,60.0,56.0,0.0,0.0,0.0,1.0,0.0,1.0,0.0,0.0,0.0,0.0,0.0,0.0,0.0,0.0,0.0,0.0,0.0,0.0,0.0,0.0,0.0,1.389,1.068,1.0,104.0,3.0,1.0,2.0,0.0,0.0,0.0,0.0,9.0,10.0,1.0,1.0,3,4,3.5606283114156856,3.349953955041242,0.21067435637444376
751,1.0,1304.0,3.0,3.0,4689.0,3.0,1.0,117.0,1.0,1.0,0.0,0.0,2.0,1.0,60.0,57.0,0.0,0.0,0.0,0.0,0.0,0.0,0.0,0.0,0.0,1.0,0.0,0.0,0.0,0.0,0.0,0.0,0.0,0.0,0.0,0.0,0.0,24.361,22.269,7.0,119.0,2.0,0.0,1.0,0.0,0.0,1.0,0.0,9.0,10.0,1.0,1.0,3,4,3.5153516393390847,3.4592121212583367,0.05613951808074802
752,1.0,1304.0,3.0,3.0,4712.0,3.0,1.0,118.0,1.0,1.0,0.0,0.0,2.0,1.0,60.0,58.0,0.0,0.0,0.0,0.0,0.0,0.0,0.0,0.0,0.0,0.0,0.0,0.0,0.0,0.0,0.0,0.0,0.0,0.0,0.0,0.0,0.0,18.737,16.234,3.0,126.0,0.0,0.0,0.0,0.0,0.0,2.0,0.0,9.0,10.0,1.0,1.0,3,4,3.4684271364318975,3.5538616670908656,-0.08543453065896811
753,0.0,1304.0,3.0,3.0,4742.0,3.0,1.0,119.0,1.0,1.0,0.0,0.0,2.0,2.0,61.0,58.0,0.0,0.0,0.0,0.0,0.0,0.0,0.0,0.0,1.0,0.0,1.0,0.0,0.0,0.0,0.0,0.0,0.0,0.0,0.0,0.0,0.0,4.682,3.719,0.0,0.0,3.0,1.0,2.0,0.0,0.0,3.0,0.0,9.0,10.0,1.0,1.0,3,4,3.420911033272827,3.6332975602149657,-0.21238652694213878
754,1.0,1304.0,3.0,3.0,4771.0,3.0,1.0,120.0,1.0,1.0,0.0,0.0,2.0,1.0,61.0,59.0,2.0,0.0,0.0,0.0,0.0,0.0,0.0,0.0,0.0,1.0,0.0,0.0,0.0,0.0,0.0,0.0,0.0,0.0,0.0,0.0,0.0,11.661,10.398,3.0,121.0,4.0,0.0,1.0,1.0,0.0,3.0,0.0,9.0,11.0,1.0,1.0,3,4,3.373838698054927,3.6971472427983056,-0.3233085447433788
755,0.0,1304.0,3.0,3.0,4824.0,3.0,2.0,121.0,1.0,1.0,0.0,1.0,1.0,2.0,62.0,59.0,0.0,0.0,0.0,0.0,1.0,0.0,1.0,0.0,0.0,0.0,0.0,0.0,0.0,0.0,0.0,0.0,0.0,0.0,0.0,0.0,0.0,42.242,52.571,11.0,94.0,1.0,0.0,1.0,0.0,0.0,0.0,0.0,9.0,11.0,1.0,1.0,3,4,3.3282090842930834,3.745274084881817,-0.4170650005887335
756,0.0,1304.0,3.0,3.0,6552.0,3.0,2.0,122.0,1.0,1.0,0.0,1.0,1.0,1.0,63.0,59.0,0.0,0.0,0.0,0.0,0.0,0.0,0.0,0.0,0.0,0.0,1.0,0.0,0.0,0.0,0.0,0.0,0.0,0.0,0.0,0.0,0.0,11.802,8.988,3.0,108.0,4.0,0.0,1.0,1.0,0.0,0.0,0.0,9.0,11.0,1.0,1.0,4,4,3.2849700054685007,3.7777773462901254,-0.4928073408216247
757,1.0,1304.0,3.0,3.0,6573.0,3.0,2.0,123.0,1.0,1.0,0.0,1.0,1.0,2.0,63.0,60.0,0.0,0.0,0.0,0.0,0.0,0.0,0.0,0.0,0.0,0.0,0.0,0.0,1.0,0.0,1.0,0.0,0.0,0.0,0.0,0.0,0.0,24.581,21.237,6.0,94.0,0.0,0.0,0.0,2.0,0.0,0.0,0.0,9.0,11.0,1.0,1.0,4,4,3.245004454014574,3.79498863196537,-0.5499841779507957
758,0.0,1304.0,3.0,3.0,6619.0,3.0,2.0,124.0,1.0,1.0,0.0,1.0,1.0,1.0,64.0,60.0,0.0,0.0,0.0,0.0,1.0,0.0,2.0,0.0,0.0,0.0,0.0,1.0,0.0,1.0,0.0,0.0,0.0,0.0,0.0,0.0,0.0,19.587,24.689,5.0,111.0,0.0,0.0,0.0,2.0,0.0,1.0,0.0,9.0,11.0,1.0,1.0,4,4,3.2091181508884894,3.7974648947853904,-0.588346743896901
759,0.0,1304.0,3.0,3.0,6648.0,3.0,2.0,125.0,1.0,1.0,0.0,1.0,1.0,1.0,65.0,60.0,1.0,0.0,0.0,0.0,0.0,0.0,0.0,0.0,0.0,0.0,0.0,0.0,0.0,0.0,0.0,0.0,0.0,0.0,0.0,0.0,0.0,10.954,11.789,1.0,107.0,3.0,1.0,1.0,3.0,0.0,1.0,0.0,10.0,11.0,1.0,1.0,4,4,3.17802848898278,3.785978060602476,-0.6079495716196961
760,0.0,1304.0,3.0,3.0,6680.0,3.0,3.0,126.0,1.0,1.0,1.0,1.0,2.0,2.0,66.0,60.0,0.0,0.0,0.0,0.0,0.0,0.0,0.0,0.0,0.0,0.0,0.0,0.0,0.0,0.0,0.0,0.0,0.0,0.0,0.0,0.0,0.0,7.05,5.369,2.0,106.0,2.0,0.0,1.0,0.0,0.0,0.0,0.0,10.0,11.0,1.0,1.0,4,4,3.152355015738277,3.761501433836398,-0.609146418098121
761,0.0,1304.0,3.0,3.0,6707.0,3.0,3.0,127.0,1.0,1.0,1.0,1.0,2.0,1.0,67.0,60.0,0.0,0.0,0.0,0.0,0.0,0.0,0.0,0.0,0.0,0.0,1.0,0.0,0.0,0.0,0.0,0.0,0.0,0.0,0.0,0.0,0.0,7.719,6.488,2.0,121.0,3.0,1.0,1.0,1.0,0.0,0.0,0.0,10.0,11.0,1.0,1.0,4,4,3.1326115921333937,3.7251930684793852,-0.5925814763459916
762,1.0,1304.0,3.0,3.0,6727.0,3.0,3.0,128.0,1.0,1.0,1.0,1.0,2.0,1.0,67.0,61.0,0.0,0.0,0.0,1.0,0.0,1.0,0.0,0.0,0.0,0.0,0.0,0.0,0.0,0.0,0.0,0.0,0.0,0.0,0.0,0.0,0.0,1.475,1.288,1.0,108.0,3.0,1.0,2.0,2.0,0.0,0.0,0.0,10.0,11.0,1.0,1.0,4,4,3.1192002952344575,3.678376320535052,-0.5591760253005944
763,1.0,1304.0,3.0,3.0,6748.0,3.0,3.0,129.0,1.0,1.0,1.0,1.0,2.0,1.0,67.0,62.0,0.0,0.0,0.0,0.0,0.0,0.0,0.0,0.0,0.0,0.0,0.0,0.0,0.0,0.0,0.0,0.0,0.0,0.0,0.0,0.0,0.0,8.426,7.976,1.0,115.0,3.0,1.0,1.0,2.0,0.0,1.0,0.0,10.0,11.0,1.0,1.0,4,4,3.112407158093075,3.6225178902882833,-0.5101107321952081
764,0.0,1304.0,3.0,3.0,6774.0,3.0,3.0,130.0,1.0,1.0,1.0,1.0,2.0,2.0,68.0,62.0,0.0,0.0,0.0,0.0,0.0,0.0,0.0,0.0,0.0,0.0,1.0,0.0,0.0,0.0,0.0,0.0,0.0,0.0,0.0,0.0,0.0,8.498,6.423,2.0,113.0,2.0,0.0,0.0,2.0,0.0,2.0,0.0,10.0,11.0,1.0,1.0,4,4,3.1123997800511773,3.5592036472738666,-0.4468038672226893
765,0.0,1304.0,3.0,3.0,6812.0,3.0,3.0,131.0,1.0,1.0,1.0,1.0,2.0,1.0,69.0,62.0,1.0,0.0,0.0,0.0,0.0,0.0,0.0,0.0,0.0,0.0,1.0,0.0,0.0,0.0,0.0,1.0,0.0,1.0,0.0,0.0,0.0,33.519,25.981,8.0,121.0,4.0,0.0,1.0,3.0,0.0,2.0,0.0,11.0,11.0,1.0,1.0,4,4,3.1192268162739567,3.4901125994524467,-0.37088578317848997
766,0.0,1304.0,3.0,3.0,6922.0,3.0,4.0,132.0,1.0,1.0,2.0,1.0,1.0,1.0,70.0,62.0,0.0,0.0,0.0,0.0,0.0,0.0,0.0,0.0,0.0,0.0,0.0,0.0,0.0,0.0,0.0,0.0,0.0,0.0,0.0,0.0,0.0,14.657,25.182,5.0,100.0,2.0,0.0,1.0,0.0,0.0,0.0,0.0,11.0,11.0,1.0,1.0,3,4,3.1328193328732485,3.416989387806684,-0.2841700549334356
767,0.0,1304.0,3.0,3.0,6949.0,3.0,4.0,133.0,1.0,1.0,2.0,1.0,1.0,1.0,71.0,62.0,0.0,0.0,0.0,0.0,1.0,0.0,1.0,0.0,0.0,0.0,0.0,0.0,1.0,0.0,0.0,0.0,0.0,0.0,0.0,0.0,0.0,13.874,16.208,5.0,116.0,4.0,0.0,1.0,1.0,0.0,0.0,0.0,11.0,11.0,1.0,1.0,3,4,3.152993983730237,3.341615708019483,-0.18862172428924584
768,0.0,1304.0,3.0,3.0,6975.0,3.0,4.0,134.0,1.0,1.0,2.0,1.0,1.0,1.0,72.0,62.0,0.0,0.0,0.0,0.0,0.0,0.0,0.0,0.0,0.0,0.0,0.0,0.0,0.0,0.0,0.0,0.0,0.0,0.0,0.0,0.0,0.0,2.462,3.847,1.0,109.0,3.0,1.0,0.0,2.0,0.0,0.0,0.0,11.0,11.0,1.0,1.0,3,2,3.179457952802352,3.2657811095932328,-0.08632315679088087
769,1.0,1304.0,3.0,3.0,6993.0,3.0,4.0,135.0,1.0,1.0,2.0,1.0,1.0,1.0,72.0,63.0,0.0,0.0,0.0,0.0,0.0,1.0,1.0,0.0,0.0,0.0,0.0,0.0,0.0,0.0,0.0,0.0,0.0,0.0,0.0,0.0,0.0,3.239,3.42,2.0,100.0,0.0,0.0,1.0,3.0,0.0,0.0,0.0,11.0,11.0,1.0,1.0,3,1,3.2118155212754793,3.1912535785210885,0.020561942754390827
770,0.0,1304.0,3.0,3.0,7018.0,3.0,4.0,136.0,1.0,1.0,2.0,1.0,1.0,1.0,73.0,63.0,1.0,0.0,0.0,0.0,0.0,0.0,0.0,0.0,0.0,0.0,0.0,0.0,0.0,0.0,0.0,0.0,0.0,0.0,0.0,0.0,0.0,4.909,5.676,1.0,102.0,3.0,1.0,1.0,3.0,0.0,1.0,0.0,12.0,11.0,1.0,1.0,3,2,3.249576216141184,3.1197503928216603,0.12982582331952353
771,1.0,1304.0,3.0,3.0,7042.0,3.0,5.0,137.0,1.0,1.0,3.0,1.0,2.0,1.0,73.0,64.0,0.0,0.0,0.0,0.0,0.0,1.0,1.0,0.0,0.0,0.0,0.0,0.0,0.0,0.0,0.0,0.0,0.0,0.0,0.0,0.0,0.0,8.934,8.112,3.0,126.0,4.0,0.0,0.0,0.0,0.0,0.0,0.0,12.0,11.0,1.0,1.0,3,1,3.292164301231605,3.052909672849506,0.2392546283820991
772,1.0,1304.0,3.0,3.0,7075.0,3.0,5.0,138.0,1.0,1.0,3.0,1.0,2.0,1.0,73.0,65.0,0.0,0.0,0.0,1.0,0.0,1.0,0.0,0.0,0.0,0.0,0.0,0.0,0.0,0.0,0.0,0.0,0.0,0.0,0.0,0.0,0.0,0.919,0.74,1.0,114.0,3.0,1.0,2.0,0.0,0.0,1.0,0.0,12.0,11.0,1.0,1.0,3,2,3.3389295265278833,2.992263088895917,0.34666643763196614
773,1.0,1304.0,3.0,3.0,7090.0,3.0,5.0,139.0,1.0,1.0,3.0,1.0,2.0,2.0,73.0,66.0,0.0,0.0,0.0,0.0,0.0,0.0,0.0,0.0,0.0,0.0,0.0,0.0,0.0,0.0,0.0,0.0,0.0,0.0,0.0,0.0,0.0,4.278,3.875,1.0,124.0,0.0,1.0,0.0,0.0,0.0,2.0,0.0,12.0,11.0,1.0,1.0,3,1,3.3891589278097713,2.9392101627029463,0.449948765106825
774,1.0,1304.0,3.0,3.0,7111.0,3.0,5.0,140.0,1.0,1.0,3.0,1.0,2.0,2.0,73.0,67.0,2.0,0.0,0.0,0.0,0.0,1.0,2.0,0.0,0.0,0.0,0.0,0.0,1.0,0.0,1.0,0.0,0.0,0.0,0.0,0.0,0.0,11.701,13.008,3.0,119.0,2.0,0.0,0.0,0.0,0.0,3.0,0.0,12.0,12.0,1.0,1.0,3,2,3.4420894529955395,2.894994566515347,0.5470948864801923
775,1.0,1304.0,3.0,3.0,7220.0,3.0,6.0,141.0,1.0,1.0,3.0,2.0,1.0,2.0,73.0,68.0,0.0,0.0,0.0,0.0,0.0,0.0,0.0,0.0,0.0,0.0,0.0,0.0,0.0,0.0,0.0,0.0,0.0,0.0,0.0,0.0,0.0,9.159,8.429,2.0,87.0,0.0,0.0,0.0,0.0,0.0,0.0,0.0,12.0,12.0,1.0,1.0,3,1,3.496921244335173,2.8606828222610003,0.6362384220741726
776,1.0,1304.0,3.0,3.0,7250.0,3.0,6.0,142.0,1.0,1.0,3.0,2.0,1.0,1.0,73.0,69.0,0.0,0.0,0.0,0.0,0.0,0.0,0.0,0.0,0.0,1.0,0.0,0.0,0.0,0.0,0.0,0.0,0.0,0.0,0.0,0.0,0.0,14.937,13.977,4.0,103.0,1.0,1.0,0.0,0.0,0.0,1.0,0.0,12.0,12.0,1.0,1.0,3,2,3.552831347808922,2.8371457711056807,0.7156855767032413
777,0.0,1304.0,3.0,3.0,7277.0,3.0,6.0,143.0,1.0,1.0,3.0,2.0,1.0,1.0,74.0,69.0,0.0,0.0,0.0,0.0,0.0,0.0,0.0,0.0,0.0,0.0,0.0,0.0,0.0,0.0,0.0,0.0,0.0,0.0,0.0,0.0,0.0,5.212,6.013,1.0,107.0,3.0,0.0,1.0,0.0,0.0,2.0,0.0,12.0,12.0,1.0,1.0,3,1,3.6089876295043086,2.825043097539637,0.7839445319646718
778,0.0,1304.0,3.0,3.0,7299.0,3.0,6.0,144.0,1.0,1.0,3.0,2.0,1.0,2.0,75.0,69.0,0.0,0.0,0.0,0.0,0.0,0.0,0.0,0.0,0.0,0.0,0.0,1.0,0.0,1.0,0.0,0.0,0.0,0.0,0.0,0.0,0.0,38.868,35.561,9.0,88.0,1.0,0.0,1.0,1.0,0.0,2.0,0.0,12.0,12.0,1.0,1.0,3,2,3.66456264464396,2.8248112554083176,0.8397513892356425
779,0.0,1304.0,3.0,3.0,7356.0,3.0,6.0,145.0,1.0,1.0,3.0,2.0,1.0,2.0,76.0,69.0,0.0,0.0,0.0,0.0,0.0,0.0,0.0,0.0,0.0,0.0,0.0,0.0,1.0,0.0,0.0,0.0,0.0,0.0,0.0,0.0,0.0,32.999,42.064,11.0,87.0,1.0,0.0,0.0,2.0,0.0,2.0,0.0,12.0,12.0,1.0,1.0,4,4,3.718747304891455,2.836654955734499,0.8820923491569563
780,1.0,1304.0,3.0,3.0,7412.0,3.0,6.0,146.0,1.0,1.0,3.0,2.0,1.0,2.0,76.0,70.0,0.0,0.0,0.0,0.0,0.0,0.0,0.0,0.0,0.0,0.0,0.0,0.0,0.0,0.0,0.0,0.0,0.0,0.0,0.0,0.0,0.0,26.085,25.227,6.0,85.0,0.0,0.0,0.0,3.0,0.0,2.0,0.0,12.0,12.0,1.0,1.0,4,4,3.7707640407440968,2.8605424622377087,0.9102215785063881
781,0.0,1304.0,3.0,3.0,7464.0,3.0,6.0,147.0,1.0,1.0,3.0,2.0,1.0,1.0,77.0,70.0,0.0,0.0,1.0,0.0,1.0,0.0,0.0,0.0,0.0,0.0,0.0,0.0,0.0,0.0,0.0,0.0,0.0,0.0,0.0,0.0,0.0,0.592,0.636,1.0,121.0,3.0,1.0,2.0,3.0,0.0,3.0,0.0,12.0,12.0,1.0,1.0,4,4,3.8198793199976433,2.896204772812929,0.9236745471847141
782,0.0,1304.0,3.0,3.0,7485.0,3.0,6.0,148.0,1.0,1.0,3.0,2.0,1.0,1.0,78.0,70.0,1.0,0.0,0.0,0.0,0.0,0.0,0.0,0.0,0.0,0.0,0.0,0.0,0.0,0.0,0.0,0.0,0.0,0.0,0.0,0.0,0.0,4.751,5.538,1.0,110.0,4.0,0.0,1.0,4.0,0.0,3.0,0.0,13.0,12.0,1.0,1.0,4,4,3.8654152902364047,2.9431387759049485,0.9222765143314562
783,1.0,1304.0,3.0,3.0,7544.0,3.0,7.0,149.0,1.0,1.0,4.0,2.0,2.0,2.0,78.0,71.0,0.0,0.0,0.0,0.0,0.0,0.0,0.0,0.0,0.0,0.0,0.0,0.0,0.0,0.0,0.0,0.0,0.0,0.0,0.0,0.0,0.0,3.58,2.159,1.0,116.0,2.0,0.0,0.0,0.0,0.0,0.0,0.0,13.0,12.0,1.0,1.0,4,4,3.906760379743886,3.000614394330917,0.906145985412969
784,1.0,1304.0,3.0,3.0,7571.0,3.0,7.0,150.0,1.0,1.0,4.0,2.0,2.0,1.0,78.0,72.0,0.0,0.0,0.0,0.0,0.0,0.0,0.0,0.0,0.0,0.0,0.0,0.0,0.0,0.0,0.0,0.0,0.0,0.0,0.0,0.0,0.0,8.002,6.203,1.0,118.0,4.0,0.0,0.0,0.0,0.0,1.0,0.0,13.0,12.0,1.0,1.0,4,4,3.943378640937618,3.067685621001325,0.8756930199362931
785,0.0,1304.0,3.0,3.0,7587.0,3.0,7.0,151.0,1.0,1.0,4.0,2.0,2.0,2.0,79.0,72.0,0.0,0.0,0.0,0.0,0.0,0.0,0.0,0.0,0.0,0.0,1.0,0.0,0.0,0.0,0.0,0.0,0.0,0.0,0.0,0.0,0.0,9.052,7.79,2.0,96.0,0.0,0.0,0.0,0.0,0.0,2.0,0.0,13.0,12.0,1.0,1.0,4,4,3.9748178053933705,3.143205370174677,0.8316124352186933
786,1.0,1304.0,3.0,3.0,7622.0,3.0,7.0,152.0,1.0,1.0,4.0,2.0,2.0,2.0,79.0,73.0,0.0,0.0,0.0,0.0,0.0,0.0,0.0,0.0,0.0,0.0,0.0,0.0,0.0,0.0,0.0,0.0,0.0,0.0,0.0,0.0,0.0,4.551,3.262,1.0,119.0,4.0,0.0,1.0,1.0,0.0,2.0,0.0,13.0,12.0,1.0,1.0,4,4,4.000715795681365,3.2258439718220524,0.7748718238593124
787,1.0,1304.0,3.0,3.0,7648.0,3.0,7.0,153.0,1.0,1.0,4.0,2.0,2.0,1.0,79.0,74.0,2.0,0.0,0.0,0.0,0.0,1.0,1.0,0.0,0.0,0.0,0.0,0.0,1.0,0.0,1.0,0.0,0.0,0.0,0.0,0.0,0.0,23.04,15.506,5.0,132.0,0.0,0.0,2.0,1.0,0.0,3.0,0.0,13.0,13.0,1.0,1.0,4,4,4.020805663570696,3.3141109432729023,0.706694720297794
788,0.0,1304.0,3.0,3.0,7745.0,3.0,8.0,154.0,1.0,1.0,4.0,3.0,1.0,1.0,80.0,74.0,0.0,0.0,0.0,0.0,1.0,0.0,1.0,0.0,0.0,0.0,0.0,0.0,1.0,0.0,0.0,0.0,0.0,0.0,0.0,0.0,0.0,29.056,24.309,7.0,124.0,4.0,0.0,1.0,0.0,0.0,0.0,0.0,13.0,13.0,1.0,1.0,4,4,4.034918933456345,3.406379934173779,0.6285389992825663
789,0.0,1304.0,3.0,3.0,7792.0,3.0,8.0,155.0,1.0,1.0,4.0,3.0,1.0,1.0,81.0,74.0,0.0,0.0,0.0,0.0,0.0,0.0,0.0,0.0,0.0,0.0,1.0,0.0,0.0,0.0,0.0,0.0,0.0,0.0,0.0,0.0,0.0,13.168,22.104,5.0,110.0,4.0,0.0,0.0,1.0,0.0,0.0,0.0,13.0,13.0,1.0,1.0,4,4,4.042987180649459,3.5009162583490694,0.5420709223003897
790,1.0,1304.0,3.0,3.0,7820.0,3.0,8.0,156.0,1.0,1.0,4.0,3.0,1.0,1.0,81.0,75.0,0.0,0.0,0.0,0.0,0.0,1.0,2.0,0.0,0.0,0.0,0.0,0.0,1.0,0.0,1.0,0.0,0.0,0.0,0.0,0.0,0.0,23.43,27.351,6.0,107.0,2.0,0.0,1.0,2.0,0.0,0.0,0.0,13.0,13.0,1.0,1.0,4,4,4.045041957069241,3.5959068389363233,0.44913511813291773
791,0.0,1304.0,3.0,3.0,7860.0,3.0,8.0,157.0,1.0,1.0,4.0,3.0,1.0,2.0,82.0,75.0,0.0,0.0,0.0,0.0,0.0,0.0,0.0,0.0,0.0,0.0,1.0,0.0,0.0,0.0,0.0,0.0,0.0,0.0,0.0,0.0,0.0,12.893,9.341,3.0,95.0,4.0,0.0,0.0,2.0,0.0,1.0,0.0,13.0,13.0,1.0,1.0,4,4,4.04121301689416,3.6894918455234267,0.3517211713707331
792,1.0,1304.0,3.0,3.0,7900.0,3.0,8.0,158.0,1.0,1.0,4.0,3.0,1.0,1.0,82.0,76.0,0.0,0.0,0.0,0.0,0.0,0.0,0.0,0.0,0.0,1.0,0.0,1.0,0.0,0.0,0.0,0.0,0.0,0.0,0.0,0.0,0.0,11.38,11.523,2.0,124.0,1.0,0.0,0.0,3.0,0.0,1.0,0.0,13.0,13.0,1.0,1.0,4,4,4.031724843234219,3.7797978067098095,0.2519270365244095
793,1.0,1304.0,3.0,3.0,7926.0,3.0,8.0,159.0,1.0,1.0,4.0,3.0,1.0,1.0,82.0,77.0,0.0,0.0,0.0,0.0,0.0,0.0,0.0,0.0,0.0,0.0,0.0,0.0,1.0,0.0,1.0,0.0,0.0,0.0,0.0,0.0,0.0,15.94,22.331,4.0,110.0,4.0,0.0,0.0,3.0,0.0,2.0,0.0,13.0,13.0,1.0,1.0,4,4,4.0168917116566,3.8649713680524824,0.15192034360411721
794,0.0,1304.0,3.0,3.0,7960.0,3.0,8.0,160.0,1.0,1.0,4.0,3.0,1.0,2.0,83.0,77.0,0.0,0.0,0.0,0.0,0.0,0.0,0.0,0.0,0.0,0.0,0.0,0.0,0.0,0.0,0.0,0.0,0.0,0.0,0.0,0.0,0.0,28.777,37.639,9.0,94.0,2.0,0.0,0.0,3.0,0.0,3.0,0.0,13.0,13.0,1.0,1.0,4,4,3.9971111367526433,3.943213441836823,0.05389769491582008
795,1.0,1304.0,3.0,3.0,8010.0,3.0,8.0,161.0,1.0,1.0,4.0,3.0,1.0,1.0,83.0,78.0,0.0,0.0,0.0,0.0,0.0,0.0,0.0,0.0,0.0,1.0,0.0,0.0,0.0,0.0,0.0,0.0,0.0,0.0,0.0,0.0,0.0,43.99,49.401,12.0,104.0,3.0,1.0,0.0,4.0,0.0,3.0,0.0,13.0,13.0,1.0,1.0,4,4,3.972856064050687,4.012812910524114,-0.03995684647342701
796,0.0,1304.0,3.0,3.0,8062.0,3.0,8.0,162.0,1.0,1.0,4.0,3.0,1.0,2.0,84.0,78.0,0.0,0.0,0.0,0.0,1.0,0.0,2.0,0.0,0.0,0.0,0.0,0.0,0.0,0.0,0.0,0.0,0.0,0.0,0.0,0.0,0.0,21.082,21.587,7.0,94.0,2.0,0.0,0.0,3.0,0.0,3.0,0.0,13.0,13.0,1.0,1.0,4,4,3.944665864566032,4.072179437025003,-0.12751357245897088
797,1.0,1304.0,3.0,3.0,8109.0,3.0,8.0,163.0,1.0,1.0,4.0,3.0,1.0,2.0,84.0,79.0,0.0,0.0,0.0,0.0,0.0,0.0,0.0,0.0,0.0,0.0,0.0,0.0,0.0,0.0,0.0,0.0,0.0,0.0,0.0,0.0,0.0,26.544,22.522,6.0,82.0,1.0,0.0,1.0,4.0,0.0,3.0,0.0,13.0,13.0,1.0,1.0,4,4,3.9131361378509784,4.119874807408644,-0.20673866955766584
798,0.0,1304.0,3.0,3.0,8188.0,3.0,8.0,164.0,1.0,1.0,4.0,3.0,1.0,1.0,85.0,79.0,0.0,0.0,0.0,0.0,1.0,0.0,1.0,0.0,0.0,0.0,0.0,0.0,0.0,0.0,0.0,0.0,0.0,0.0,0.0,0.0,0.0,20.985,30.638,7.0,110.0,3.0,1.0,0.0,3.0,0.0,3.0,0.0,13.0,13.0,1.0,1.0,4,4,3.8789079310364944,4.154642187005158,-0.2757342559686635
799,0.0,1304.0,3.0,3.0,8234.0,3.0,8.0,165.0,1.0,1.0,4.0,3.0,1.0,1.0,86.0,79.0,1.0,0.0,0.0,0.0,0.0,0.0,0.0,0.0,0.0,0.0,0.0,0.0,0.0,0.0,0.0,0.0,0.0,0.0,0.0,0.0,0.0,6.081,4.927,1.0,108.0,0.0,1.0,1.0,4.0,0.0,3.0,0.0,14.0,13.0,1.0,1.0,4,4,3.8426559738282173,4.175432724150268,-0.33277675032205023
800,0.0,1304.0,3.0,3.0,8282.0,3.0,9.0,166.0,1.0,1.0,5.0,3.0,2.0,1.0,87.0,79.0,0.0,0.0,0.0,0.0,0.0,0.0,0.0,0.0,0.0,0.0,1.0,0.0,0.0,0.0,0.0,0.0,0.0,0.0,0.0,0.0,0.0,8.156,7.74,2.0,135.0,4.0,0.0,1.0,0.0,0.0,0.0,0.0,14.0,13.0,1.0,1.0,4,4,3.8050767619609793,4.181428964507635,-0.3763522025466557
801,1.0,1304.0,3.0,3.0,8298.0,3.0,9.0,167.0,1.0,1.0,5.0,3.0,2.0,1.0,87.0,80.0,0.0,0.0,0.0,0.0,0.0,0.0,0.0,0.0,0.0,0.0,0.0,0.0,0.0,0.0,0.0,0.0,0.0,0.0,0.0,0.0,0.0,4.939,3.542,1.0,116.0,4.0,1.0,1.0,1.0,0.0,0.0,0.0,14.0,13.0,1.0,1.0,4,4,3.766876298618748,4.17206481680164,-0.4051885181828925
802,1.0,1304.0,3.0,3.0,8314.0,3.0,9.0,168.0,1.0,1.0,5.0,3.0,2.0,1.0,87.0,81.0,0.0,0.0,0.0,0.0,0.0,0.0,0.0,0.0,0.0,0.0,0.0,1.0,0.0,0.0,0.0,0.0,0.0,0.0,0.0,0.0,0.0,17.948,8.963,3.0,130.0,0.0,0.0,0.0,1.0,0.0,1.0,0.0,14.0,13.0,1.0,1.0,4,4,3.7287577406911407,4.1470411788109285,-0.41828343811978774
803,1.0,1304.0,3.0,3.0,8337.0,3.0,9.0,169.0,1.0,1.0,5.0,3.0,2.0,1.0,87.0,82.0,0.0,0.0,0.0,0.0,0.0,0.0,0.0,0.0,0.0,0.0,0.0,0.0,0.0,0.0,0.0,0.0,0.0,0.0,0.0,0.0,0.0,4.816,3.777,1.0,121.0,4.0,1.0,1.0,1.0,0.0,2.0,0.0,14.0,13.0,1.0,1.0,4,4,3.6914094306639784,4.1063373580204185,-0.41492792735644013
804,0.0,1304.0,3.0,3.0,8349.0,3.0,9.0,170.0,1.0,1.0,5.0,3.0,2.0,1.0,88.0,82.0,0.0,0.0,0.0,0.0,0.0,0.0,0.0,0.0,0.0,0.0,0.0,0.0,1.0,0.0,0.0,0.0,0.0,0.0,0.0,0.0,0.0,3.843,4.985,2.0,121.0,0.0,0.0,0.0,1.0,0.0,3.0,0.0,14.0,13.0,1.0,1.0,4,4,3.655493352814809,4.0502176274292285,-0.3947242746144197
805,0.0,1304.0,3.0,3.0,8367.0,3.0,9.0,171.0,1.0,1.0,5.0,3.0,2.0,1.0,89.0,82.0,0.0,0.0,0.0,0.0,0.0,0.0,0.0,0.0,0.0,0.0,1.0,0.0,0.0,0.0,0.0,0.0,0.0,0.0,0.0,0.0,0.0,9.338,6.818,2.0,114.0,4.0,0.0,0.0,2.0,0.0,3.0,0.0,14.0,13.0,1.0,1.0,4,4,3.6216340665990394,3.979232810977468,-0.35759874437842853
806,0.0,1304.0,3.0,3.0,8400.0,3.0,9.0,172.0,1.0,1.0,5.0,3.0,2.0,1.0,90.0,82.0,0.0,0.0,0.0,0.0,1.0,0.0,1.0,0.0,0.0,0.0,0.0,0.0,1.0,0.0,0.0,0.0,0.0,0.0,0.0,0.0,0.0,5.617,6.142,2.0,113.0,3.0,0.0,0.0,3.0,0.0,3.0,0.0,14.0,13.0,1.0,1.0,4,4,3.590408706574154,3.894216709377833,-0.30380800280367914
807,1.0,1304.0,3.0,3.0,8419.0,3.0,9.0,173.0,1.0,1.0,5.0,3.0,2.0,1.0,90.0,83.0,0.0,0.0,0.0,0.0,0.0,0.0,0.0,0.0,0.0,0.0,0.0,0.0,1.0,0.0,1.0,1.0,0.0,0.0,0.0,1.0,0.0,8.592,11.403,3.0,119.0,2.0,0.0,2.0,4.0,0.0,3.0,0.0,14.0,13.0,1.0,1.0,4,4,3.5623378932592753,3.7962773867625987,-0.23393949350332344
808,0.0,1304.0,3.0,3.0,8444.0,3.0,9.0,174.0,1.0,1.0,5.0,3.0,2.0,1.0,91.0,83.0,0.0,0.0,0.0,0.0,0.0,0.0,0.0,0.0,0.0,0.0,0.0,0.0,0.0,0.0,0.0,0.0,0.0,0.0,0.0,0.0,0.0,20.047,17.28,4.0,104.0,2.0,0.0,0.0,3.0,0.0,3.0,0.0,14.0,13.0,1.0,1.0,3,4,3.5378777702023183,3.6867830940931947,-0.1489053238908764
809,0.0,1304.0,3.0,3.0,8464.0,3.0,9.0,175.0,1.0,1.0,5.0,3.0,2.0,1.0,92.0,83.0,1.0,1.0,0.0,0.0,0.0,0.0,0.0,0.0,0.0,0.0,0.0,0.0,1.0,0.0,0.0,1.0,0.0,1.0,0.0,0.0,0.0,7.772,8.578,2.0,109.0,3.0,1.0,2.0,4.0,0.0,3.0,0.0,15.0,13.0,2.0,1.0,3,4,3.5174135954479055,3.567343377978029,-0.04992978253012348
810,1.0,1304.0,3.0,3.0,8718.0,4.0,1.0,176.0,2.0,1.0,0.0,0.0,1.0,1.0,92.0,84.0,0.0,0.0,0.0,0.0,0.0,0.0,0.0,0.0,0.0,1.0,0.0,0.0,0.0,0.0,0.0,0.0,0.0,0.0,0.0,0.0,0.0,8.404,8.762,2.0,100.0,2.0,0.0,1.0,0.0,0.0,0.0,0.0,15.0,13.0,2.0,1.0,3,4,3.5012545108085367,3.43978504286693,0.06146946794160657
811,1.0,1304.0,3.0,3.0,8736.0,4.0,1.0,177.0,2.0,1.0,0.0,0.0,1.0,2.0,92.0,85.0,0.0,0.0,0.0,0.0,0.0,1.0,1.0,0.0,0.0,0.0,0.0,0.0,0.0,0.0,0.0,0.0,0.0,0.0,0.0,0.0,0.0,23.898,26.444,6.0,92.0,1.0,0.0,0.0,0.0,0.0,1.0,0.0,15.0,13.0,2.0,1.0,3,4,3.4896298780286914,3.3061236431874423,0.18350623484124906
812,0.0,1304.0,3.0,3.0,8774.0,4.0,1.0,178.0,2.0,1.0,0.0,0.0,1.0,1.0,93.0,85.0,0.0,0.0,0.0,0.0,1.0,0.0,1.0,0.0,0.0,0.0,0.0,1.0,0.0,1.0,0.0,0.0,0.0,0.0,0.0,0.0,0.0,28.519,23.806,7.0,107.0,3.0,1.0,0.0,0.0,0.0,2.0,0.0,15.0,13.0,2.0,1.0,3,4,3.4826874057363213,3.168530908805848,0.3141564969304733
813,1.0,1304.0,3.0,3.0,8814.0,4.0,1.0,179.0,2.0,1.0,0.0,0.0,1.0,1.0,93.0,86.0,0.0,0.0,0.0,0.0,0.0,0.0,0.0,0.0,0.0,0.0,0.0,0.0,0.0,0.0,0.0,0.0,0.0,0.0,0.0,0.0,0.0,15.137,16.145,4.0,118.0,4.0,0.0,0.0,1.0,0.0,2.0,0.0,15.0,13.0,2.0,1.0,3,4,3.480492631503425,3.029298203185008,0.45119442831841683
814,0.0,1304.0,3.0,3.0,8842.0,4.0,1.0,180.0,2.0,1.0,0.0,0.0,1.0,1.0,94.0,86.0,0.0,0.0,0.0,0.0,0.0,0.0,0.0,0.0,0.0,0.0,1.0,0.0,0.0,0.0,0.0,0.0,1.0,0.0,0.0,0.0,1.0,10.53,14.406,3.0,107.0,3.0,0.0,0.0,1.0,0.0,3.0,0.0,15.0,13.0,2.0,1.0,3,4,3.483029963326174,2.89079704502314,0.5922329183030342
815,0.0,1304.0,3.0,3.0,8884.0,4.0,1.0,181.0,2.0,1.0,0.0,0.0,1.0,1.0,95.0,86.0,0.0,0.0,0.0,0.0,0.0,0.0,0.0,0.0,0.0,0.0,0.0,0.0,0.0,0.0,0.0,0.0,1.0,0.0,0.0,0.0,1.0,32.75,34.024,9.0,104.0,2.0,1.0,0.0,2.0,0.0,3.0,0.0,15.0,13.0,2.0,1.0,3,4,3.490205417139288,2.7554370672931063,0.7347683498461817
816,1.0,1304.0,3.0,3.0,8924.0,4.0,1.0,182.0,2.0,1.0,0.0,0.0,1.0,2.0,95.0,87.0,0.0,0.0,0.0,0.0,0.0,0.0,0.0,0.0,0.0,1.0,0.0,1.0,0.0,0.0,0.0,0.0,0.0,0.0,0.0,0.0,0.0,16.418,18.21,4.0,90.0,0.0,0.0,1.0,3.0,0.0,3.0,0.0,15.0,13.0,2.0,1.0,3,0,3.5018508070777035,2.625622069621514,0.8762287374561897
817,1.0,1304.0,3.0,3.0,8966.0,4.0,1.0,183.0,2.0,1.0,0.0,0.0,1.0,1.0,95.0,88.0,2.0,0.0,0.0,0.0,0.0,0.0,0.0,0.0,0.0,0.0,0.0,0.0,0.0,0.0,0.0,0.0,1.0,0.0,1.0,0.0,0.0,26.616,19.212,6.0,124.0,2.0,0.0,0.0,3.0,0.0,4.0,0.0,15.0,14.0,2.0,1.0,3,0,3.5177289576516517,2.503705254860248,1.0140237027914036
818,1.0,1304.0,3.0,3.0,9038.0,4.0,2.0,184.0,2.0,1.0,0.0,1.0,2.0,1.0,95.0,89.0,0.0,0.0,0.0,0.0,0.0,0.0,0.0,0.0,0.0,0.0,0.0,0.0,0.0,0.0,0.0,0.0,0.0,0.0,0.0,0.0,0.0,2.795,1.793,1.0,119.0,2.0,0.0,0.0,0.0,0.0,0.0,0.0,15.0,14.0,2.0,1.0,4,0,3.5375406964328837,2.3919439300398695,1.1455967663930142
819,1.0,1304.0,3.0,3.0,9056.0,4.0,2.0,185.0,2.0,1.0,0.0,1.0,2.0,1.0,95.0,90.0,0.0,0.0,0.0,0.0,0.0,1.0,1.0,0.0,0.0,0.0,0.0,0.0,1.0,0.0,1.0,0.0,0.0,0.0,0.0,0.0,0.0,6.382,8.536,3.0,115.0,3.0,1.0,2.0,0.0,0.0,1.0,0.0,15.0,14.0,2.0,1.0,4,0,3.5609322983295426,2.2924550551359224,1.2684772431936202
820,1.0,1304.0,3.0,3.0,9080.0,4.0,2.0,186.0,2.0,1.0,0.0,1.0,2.0,1.0,95.0,91.0,0.0,0.0,0.0,1.0,0.0,1.0,0.0,0.0,0.0,0.0,0.0,0.0,0.0,0.0,0.0,0.0,0.0,0.0,0.0,0.0,0.0,0.829,0.935,1.0,117.0,3.0,0.0,2.0,0.0,0.0,2.0,0.0,15.0,14.0,2.0,1.0,4,0,3.5875041792485387,2.207172225113072,1.3803319541354666
821,1.0,1304.0,3.0,3.0,9098.0,4.0,2.0,187.0,2.0,1.0,0.0,1.0,2.0,2.0,95.0,92.0,2.0,0.0,0.0,0.0,0.0,0.0,0.0,0.0,0.0,0.0,0.0,0.0,0.0,0.0,0.0,0.0,0.0,0.0,0.0,0.0,0.0,6.75,6.572,1.0,86.0,2.0,0.0,0.0,0.0,0.0,3.0,0.0,15.0,15.0,2.0,1.0,4,0,3.6168200815552205,2.137804764383852,1.4790153171713687
822,1.0,1304.0,3.0,3.0,9144.0,4.0,3.0,188.0,2.0,1.0,0.0,2.0,1.0,1.0,95.0,93.0,0.0,0.0,0.0,0.0,0.0,1.0,1.0,0.0,0.0,0.0,0.0,0.0,1.0,0.0,1.0,0.0,0.0,0.0,0.0,0.0,0.0,30.079,29.604,6.0,107.0,3.0,0.0,0.0,0.0,0.0,0.0,0.0,15.0,15.0,2.0,1.0,4,0,3.6484168472762226,2.0858003245238494,1.5626165227523732
823,0.0,1304.0,3.0,3.0,9196.0,4.0,3.0,189.0,2.0,1.0,0.0,2.0,1.0,1.0,96.0,93.0,0.0,0.0,0.0,0.0,0.0,0.0,0.0,0.0,0.0,0.0,0.0,0.0,0.0,0.0,0.0,0.0,0.0,0.0,0.0,0.0,0.0,3.484,3.961,1.0,112.0,0.0,1.0,1.0,0.0,0.0,1.0,0.0,15.0,15.0,2.0,1.0,4,0,3.6818140531339307,2.052311142638122,1.6295029104958085
824,0.0,1304.0,3.0,3.0,9219.0,4.0,3.0,190.0,2.0,1.0,0.0,2.0,1.0,2.0,97.0,93.0,0.0,0.0,0.0,0.0,0.0,0.0,0.0,0.0,0.0,0.0,0.0,0.0,1.0,0.0,0.0,0.0,0.0,0.0,0.0,0.0,0.0,4.863,10.418,3.0,98.0,0.0,0.0,0.0,1.0,0.0,1.0,0.0,15.0,15.0,2.0,1.0,4,0,3.716524174671247,2.038165332188374,1.678358842482873
825,0.0,1304.0,3.0,3.0,9253.0,4.0,3.0,191.0,2.0,1.0,0.0,2.0,1.0,2.0,98.0,93.0,0.0,0.0,0.0,0.0,0.0,0.0,0.0,0.0,0.0,0.0,0.0,0.0,0.0,0.0,0.0,0.0,0.0,0.0,0.0,0.0,0.0,4.977,4.803,1.0,91.0,2.0,0.0,1.0,2.0,0.0,1.0,0.0,15.0,15.0,2.0,1.0,4,4,3.75206186196031,2.0438435434581144,1.7082183185021957
826,1.0,1304.0,3.0,3.0,9285.0,4.0,3.0,192.0,2.0,1.0,0.0,2.0,1.0,1.0,98.0,94.0,0.0,0.0,0.0,0.0,0.0,0.0,0.0,0.0,0.0,1.0,0.0,0.0,0.0,0.0,0.0,0.0,0.0,0.0,0.0,0.0,0.0,8.46,11.397,2.0,103.0,2.0,0.0,0.0,3.0,0.0,1.0,0.0,15.0,15.0,2.0,1.0,4,4,3.7879531278039438,2.0694614865247885,1.7184916412791553
827,0.0,1304.0,3.0,3.0,9308.0,4.0,3.0,193.0,2.0,1.0,0.0,2.0,1.0,2.0,99.0,94.0,1.0,0.0,0.0,0.0,0.0,0.0,0.0,0.0,0.0,0.0,0.0,0.0,0.0,0.0,0.0,0.0,0.0,0.0,0.0,0.0,0.0,8.622,12.474,3.0,80.0,0.0,0.0,0.0,3.0,0.0,2.0,0.0,16.0,15.0,2.0,1.0,4,4,3.823743837894827,2.1147596482175866,1.7089841896772406
828,1.0,1304.0,3.0,3.0,9429.0,4.0,4.0,194.0,2.0,1.0,1.0,2.0,2.0,1.0,99.0,95.0,0.0,0.0,0.0,0.0,0.0,0.0,0.0,0.0,0.0,0.0,0.0,0.0,0.0,0.0,0.0,0.0,0.0,0.0,0.0,0.0,0.0,5.218,5.155,1.0,119.0,3.0,1.0,1.0,0.0,0.0,0.0,0.0,16.0,15.0,2.0,1.0,4,4,3.859007074420896,2.1790994929529037,1.6799075814679925
829,0.0,1304.0,3.0,3.0,9448.0,4.0,4.0,195.0,2.0,1.0,1.0,2.0,2.0,2.0,100.0,95.0,0.0,0.0,0.0,0.0,1.0,0.0,2.0,0.0,0.0,0.0,0.0,0.0,0.0,0.0,0.0,0.0,0.0,0.0,0.0,0.0,0.0,38.65,31.425,12.0,103.0,4.0,0.0,1.0,0.0,0.0,1.0,0.0,16.0,15.0,2.0,1.0,4,4,3.893349498884172,2.261467448750818,1.631882050133354
830,1.0,1304.0,3.0,3.0,9505.0,4.0,4.0,196.0,2.0,1.0,1.0,2.0,2.0,1.0,100.0,96.0,0.0,0.0,0.0,0.0,0.0,0.0,0.0,0.0,0.0,1.0,0.0,0.0,0.0,0.0,0.0,0.0,0.0,0.0,0.0,0.0,0.0,30.573,25.591,7.0,113.0,2.0,0.0,1.0,1.0,0.0,1.0,0.0,16.0,15.0,2.0,1.0,4,4,3.9264166376561116,2.360485978595672,1.5659306590604394
831,1.0,1304.0,3.0,3.0,9542.0,4.0,4.0,197.0,2.0,1.0,1.0,2.0,2.0,1.0,100.0,97.0,0.0,0.0,0.0,0.0,0.0,0.0,0.0,0.0,0.0,0.0,0.0,0.0,0.0,0.0,0.0,0.0,0.0,0.0,0.0,0.0,0.0,6.817,4.226,1.0,118.0,4.0,0.0,1.0,1.0,0.0,2.0,0.0,16.0,15.0,2.0,1.0,4,4,3.9578965154863437,2.4744329662698314,1.4834635492165122
832,0.0,1304.0,3.0,3.0,9557.0,4.0,4.0,198.0,2.0,1.0,1.0,2.0,2.0,1.0,101.0,97.0,0.0,0.0,0.0,0.0,0.0,0.0,0.0,0.0,0.0,0.0,0.0,0.0,0.0,0.0,0.0,0.0,0.0,0.0,0.0,0.0,0.0,22.93,21.515,6.0,128.0,0.0,0.0,0.0,1.0,0.0,3.0,0.0,16.0,15.0,2.0,1.0,4,4,3.9875223013906593,2.6012676016768133,1.386254699713846
833,1.0,1304.0,3.0,3.0,9594.0,4.0,4.0,199.0,2.0,1.0,1.0,2.0,2.0,1.0,101.0,98.0,2.0,0.0,0.0,0.0,0.0,1.0,1.0,0.0,0.0,0.0,0.0,0.0,0.0,0.0,0.0,0.0,0.0,0.0,0.0,0.0,0.0,11.577,7.198,3.0,114.0,3.0,1.0,0.0,2.0,0.0,3.0,0.0,16.0,16.0,2.0,1.0,4,4,4.015072929694076,2.738663969981674,1.2764089597124024
834,1.0,1304.0,3.0,3.0,9629.0,4.0,5.0,200.0,2.0,1.0,1.0,3.0,1.0,1.0,101.0,99.0,0.0,0.0,0.0,0.0,0.0,1.0,1.0,0.0,0.0,0.0,0.0,0.0,0.0,0.0,0.0,0.0,0.0,0.0,0.0,0.0,0.0,10.224,9.319,4.0,120.0,0.0,0.0,0.0,0.0,0.0,0.0,0.0,16.0,16.0,2.0,1.0,4,4,4.040372838775253,2.8840515987110997,1.1563212400641536
835,1.0,1304.0,3.0,3.0,9651.0,4.0,5.0,201.0,2.0,1.0,1.0,3.0,1.0,1.0,101.0,100.0,0.0,0.0,0.0,0.0,0.0,0.0,0.0,0.0,0.0,1.0,0.0,0.0,0.0,0.0,0.0,0.0,0.0,0.0,0.0,0.0,0.0,6.284,7.451,2.0,112.0,4.0,1.0,0.0,0.0,0.0,1.0,0.0,16.0,16.0,2.0,1.0,4,4,4.063289697125758,3.0346615060383955,1.0286281910873627
836,0.0,1304.0,3.0,3.0,9675.0,4.0,5.0,202.0,2.0,1.0,1.0,3.0,1.0,1.0,102.0,100.0,0.0,0.0,0.0,0.0,0.0,0.0,0.0,0.0,0.0,0.0,0.0,0.0,0.0,0.0,0.0,0.0,0.0,0.0,0.0,0.0,0.0,21.493,31.726,5.0,111.0,3.0,0.0,0.0,0.0,0.0,2.0,0.0,16.0,16.0,2.0,1.0,4,4,4.083731443395865,3.1875779559906547,0.8961534874052104
837,0.0,1304.0,3.0,3.0,9717.0,4.0,5.0,203.0,2.0,1.0,1.0,3.0,1.0,2.0,103.0,100.0,0.0,0.0,0.0,0.0,0.0,0.0,0.0,0.0,0.0,0.0,1.0,0.0,0.0,0.0,0.0,0.0,0.0,0.0,0.0,0.0,0.0,3.51,4.23,1.0,94.0,1.0,0.0,1.0,1.0,0.0,2.0,0.0,16.0,16.0,2.0,1.0,4,4,4.101641654395955,3.33979492679751,0.7618467275984449
838,1.0,1304.0,3.0,3.0,9756.0,4.0,5.0,204.0,2.0,1.0,1.0,3.0,1.0,2.0,103.0,101.0,0.0,0.0,0.0,0.0,0.0,0.0,0.0,0.0,0.0,1.0,0.0,0.0,0.0,0.0,0.0,0.0,0.0,0.0,0.0,0.0,0.0,23.551,23.305,6.0,92.0,2.0,0.0,1.0,2.0,0.0,2.0,0.0,16.0,16.0,2.0,1.0,4,4,4.116993643988533,3.48827572888867,0.6287179150998625
839,0.0,1304.0,3.0,3.0,9816.0,4.0,5.0,205.0,2.0,1.0,1.0,3.0,1.0,2.0,104.0,101.0,0.0,0.0,0.0,0.0,0.0,0.0,0.0,0.0,0.0,0.0,1.0,0.0,0.0,0.0,0.0,0.0,1.0,0.0,0.0,0.0,1.0,18.317,21.275,5.0,100.0,4.0,0.0,0.0,2.0,0.0,3.0,0.0,16.0,16.0,2.0,1.0,4,4,4.129784517378203,3.630015108153521,0.49976940922468227
840,0.0,1304.0,3.0,3.0,9860.0,4.0,5.0,206.0,2.0,1.0,1.0,3.0,1.0,1.0,105.0,101.0,0.0,0.0,0.0,0.0,0.0,0.0,0.0,0.0,0.0,0.0,0.0,0.0,0.0,0.0,0.0,0.0,0.0,0.0,0.0,0.0,0.0,4.358,3.579,1.0,121.0,0.0,1.0,1.0,3.0,0.0,3.0,0.0,16.0,16.0,2.0,1.0,4,4,4.14002799962951,3.762102598571487,0.37792540105802264
841,0.0,1304.0,3.0,3.0,9879.0,4.0,5.0,207.0,2.0,1.0,1.0,3.0,1.0,1.0,106.0,101.0,1.0,0.0,0.0,0.0,0.0,0.0,0.0,0.0,0.0,0.0,0.0,0.0,0.0,0.0,0.0,0.0,0.0,0.0,0.0,0.0,0.0,4.736,5.063,1.0,115.0,4.0,0.0,1.0,4.0,0.0,3.0,0.0,17.0,16.0,2.0,1.0,4,4,4.147746784015872,3.881785778485668,0.2659610055302042
842,0.0,1304.0,3.0,3.0,9984.0,4.0,6.0,208.0,2.0,1.0,2.0,3.0,2.0,1.0,107.0,101.0,0.0,0.0,0.0,0.0,0.0,0.0,0.0,0.0,0.0,0.0,1.0,0.0,0.0,0.0,0.0,0.0,0.0,0.0,0.0,0.0,0.0,10.399,7.151,2.0,115.0,3.0,1.0,0.0,0.0,0.0,0.0,0.0,17.0,16.0,2.0,1.0,4,4,4.152965724026836,3.9865314846067985,0.16643423942003732
843,1.0,1304.0,3.0,3.0,10005.0,4.0,6.0,209.0,2.0,1.0,2.0,3.0,2.0,1.0,107.0,102.0,0.0,0.0,0.0,0.0,0.0,1.0,1.0,0.0,0.0,0.0,0.0,0.0,1.0,0.0,1.0,0.0,0.0,0.0,0.0,0.0,0.0,12.335,12.896,3.0,112.0,3.0,1.0,2.0,1.0,0.0,0.0,0.0,17.0,16.0,2.0,1.0,4,4,4.155704426701327,4.0740849769863665,0.08161944971496027
844,1.0,1304.0,3.0,3.0,10027.0,4.0,6.0,210.0,2.0,1.0,2.0,3.0,2.0,1.0,107.0,103.0,0.0,0.0,0.0,1.0,0.0,1.0,0.0,0.0,0.0,0.0,0.0,0.0,0.0,0.0,0.0,0.0,0.0,0.0,0.0,0.0,0.0,1.343,1.013,1.0,128.0,4.0,1.0,2.0,1.0,0.0,1.0,0.0,17.0,16.0,2.0,1.0,4,4,4.155970152879574,4.142524050997691,0.013446101881882555
845,1.0,1304.0,3.0,3.0,10047.0,4.0,6.0,211.0,2.0,1.0,2.0,3.0,2.0,2.0,107.0,104.0,0.0,0.0,0.0,0.0,0.0,1.0,1.0,0.0,0.0,0.0,0.0,0.0,0.0,0.0,0.0,0.0,0.0,0.0,0.0,0.0,0.0,25.974,21.016,5.0,85.0,1.0,0.0,0.0,1.0,0.0,2.0,0.0,17.0,16.0,2.0,1.0,4,4,4.153752694984656,4.190308277503538,-0.03655558251888191
846,1.0,1304.0,3.0,3.0,10087.0,4.0,6.0,212.0,2.0,1.0,2.0,3.0,2.0,1.0,107.0,105.0,2.0,0.0,0.0,0.0,0.0,0.0,0.0,0.0,0.0,0.0,0.0,0.0,0.0,0.0,0.0,0.0,0.0,0.0,0.0,0.0,0.0,22.149,31.178,1.0,105.0,3.0,1.0,1.0,1.0,0.0,3.0,0.0,17.0,17.0,2.0,1.0,4,4,4.14901938768827,4.2163202964319435,-0.06730090874367356
847,0.0,1304.0,3.0,3.0,10185.0,4.0,7.0,213.0,2.0,1.0,2.0,4.0,1.0,1.0,108.0,105.0,0.0,0.0,1.0,0.0,1.0,0.0,0.0,0.0,0.0,0.0,0.0,0.0,0.0,0.0,0.0,0.0,0.0,0.0,0.0,0.0,0.0,0.864,1.148,1.0,106.0,3.0,1.0,2.0,0.0,0.0,0.0,0.0,17.0,17.0,2.0,1.0,4,4,4.1417118453766,4.219900212561308,-0.07818836718470834
848,1.0,1304.0,3.0,3.0,10201.0,4.0,7.0,214.0,2.0,1.0,2.0,4.0,1.0,1.0,108.0,106.0,0.0,0.0,0.0,0.0,0.0,0.0,0.0,0.0,0.0,0.0,0.0,0.0,0.0,0.0,0.0,0.0,0.0,0.0,0.0,0.0,0.0,15.632,16.13,4.0,105.0,4.0,1.0,1.0,1.0,0.0,0.0,0.0,17.0,17.0,2.0,1.0,4,2,4.131744721979928,4.200870325810593,-0.06912560383066513
849,0.0,1304.0,3.0,3.0,10228.0,4.0,7.0,215.0,2.0,1.0,2.0,4.0,1.0,2.0,109.0,106.0,0.0,0.0,0.0,0.0,1.0,0.0,1.0,0.0,0.0,0.0,0.0,0.0,0.0,0.0,0.0,0.0,0.0,0.0,0.0,0.0,0.0,11.239,13.636,5.0,92.0,0.0,0.0,0.0,1.0,0.0,1.0,0.0,17.0,17.0,2.0,1.0,4,1,4.119005002502158,4.159549437242762,-0.040544434740604096
850,0.0,1304.0,3.0,3.0,10263.0,4.0,7.0,216.0,2.0,1.0,2.0,4.0,1.0,1.0,110.0,106.0,0.0,0.0,0.0,0.0,0.0,0.0,0.0,0.0,0.0,0.0,0.0,0.0,0.0,0.0,0.0,0.0,0.0,0.0,0.0,0.0,0.0,3.407,5.229,1.0,107.0,4.0,0.0,1.0,2.0,0.0,1.0,0.0,17.0,17.0,2.0,1.0,4,2,4.103354997381919,4.096756966944496,0.006598030437422686
851,0.0,1304.0,3.0,3.0,10281.0,4.0,7.0,217.0,2.0,1.0,2.0,4.0,1.0,1.0,111.0,106.0,1.0,0.0,0.0,0.0,0.0,0.0,0.0,0.0,0.0,0.0,1.0,0.0,0.0,0.0,0.0,0.0,0.0,0.0,0.0,0.0,0.0,10.972,15.102,3.0,124.0,4.0,0.0,1.0,3.0,0.0,1.0,0.0,18.0,17.0,2.0,1.0,4,1,4.084635593346041,4.013805893126692,0.07082970021934898
852,1.0,1304.0,3.0,3.0,10391.0,4.0,8.0,218.0,2.0,1.0,3.0,4.0,2.0,1.0,111.0,107.0,0.0,0.0,0.0,0.0,0.0,0.0,0.0,0.0,0.0,0.0,0.0,0.0,0.0,0.0,0.0,0.0,0.0,0.0,0.0,0.0,0.0,23.739,24.576,3.0,114.0,3.0,0.0,0.0,0.0,0.0,0.0,0.0,18.0,17.0,2.0,1.0,4,2,4.062672855327577,3.9124832101265117,0.15018964520106515
853,1.0,1304.0,3.0,3.0,10419.0,4.0,8.0,219.0,2.0,1.0,3.0,4.0,2.0,2.0,111.0,108.0,0.0,0.0,0.0,0.0,0.0,0.0,0.0,0.0,0.0,1.0,0.0,0.0,0.0,0.0,0.0,0.0,0.0,0.0,0.0,0.0,0.0,12.052,10.026,5.0,109.0,0.0,0.0,1.0,0.0,0.0,1.0,0.0,18.0,17.0,2.0,1.0,4,1,4.0372864648974796,3.795020220681332,0.24226624421614762
854,0.0,1304.0,3.0,3.0,10460.0,4.0,8.0,220.0,2.0,1.0,3.0,4.0,2.0,2.0,112.0,108.0,0.0,0.0,0.0,0.0,0.0,0.0,0.0,0.0,0.0,0.0,1.0,0.0,0.0,0.0,0.0,0.0,0.0,0.0,0.0,0.0,0.0,8.588,7.287,2.0,107.0,0.0,0.0,0.0,0.0,0.0,2.0,0.0,18.0,17.0,2.0,1.0,4,2,4.008298285214618,3.664050725274638,0.3442475599399799
855,1.0,1304.0,3.0,3.0,10499.0,4.0,8.0,221.0,2.0,1.0,3.0,4.0,2.0,1.0,112.0,109.0,0.0,0.0,0.0,0.0,0.0,1.0,1.0,0.0,0.0,0.0,0.0,0.0,1.0,0.0,1.0,0.0,0.0,0.0,0.0,0.0,0.0,27.641,25.159,7.0,119.0,3.0,1.0,0.0,1.0,0.0,2.0,0.0,18.0,17.0,2.0,1.0,4,4,3.9755451558963966,3.5225581361686746,0.45298701972772193
856,0.0,1304.0,3.0,3.0,10535.0,4.0,8.0,222.0,2.0,1.0,3.0,4.0,2.0,2.0,113.0,109.0,0.0,0.0,0.0,0.0,0.0,0.0,0.0,0.0,1.0,0.0,1.0,0.0,0.0,0.0,0.0,0.0,0.0,0.0,0.0,0.0,0.0,2.02,2.07,0.0,0.0,0.0,1.0,2.0,1.0,0.0,3.0,0.0,18.0,17.0,2.0,1.0,4,4,3.9388916411411596,3.373813684910111,0.5650779562310486
857,1.0,1304.0,3.0,3.0,10588.0,4.0,8.0,223.0,2.0,1.0,3.0,4.0,2.0,2.0,113.0,110.0,2.0,0.0,0.0,0.0,0.0,0.0,0.0,0.0,0.0,0.0,0.0,0.0,1.0,0.0,1.0,0.0,0.0,0.0,0.0,0.0,0.0,11.683,14.971,3.0,113.0,4.0,0.0,0.0,2.0,0.0,3.0,0.0,18.0,18.0,2.0,1.0,4,4,3.89824208630051,3.2213049428429383,0.6769371434575717
858,0.0,1304.0,3.0,3.0,10651.0,4.0,9.0,224.0,2.0,1.0,3.0,5.0,1.0,1.0,114.0,110.0,0.0,0.0,0.0,0.0,0.0,0.0,0.0,0.0,0.0,0.0,0.0,0.0,0.0,0.0,0.0,0.0,0.0,0.0,0.0,0.0,0.0,2.735,4.31,1.0,110.0,3.0,1.0,2.0,0.0,0.0,0.0,0.0,18.0,18.0,2.0,1.0,4,4,3.853557512484519,3.0686576957548546,0.7848998167296646
859,1.0,1304.0,3.0,3.0,10668.0,4.0,9.0,225.0,2.0,1.0,3.0,5.0,1.0,2.0,114.0,111.0,0.0,0.0,0.0,0.0,0.0,1.0,1.0,0.0,0.0,0.0,0.0,0.0,0.0,0.0,0.0,0.0,0.0,0.0,0.0,0.0,0.0,3.901,3.838,2.0,95.0,1.0,0.0,0.0,1.0,0.0,0.0,0.0,18.0,18.0,2.0,1.0,4,4,3.804868227089146,2.9195507371665803,0.8853174899225658
860,0.0,1304.0,3.0,3.0,10696.0,4.0,9.0,226.0,2.0,1.0,3.0,5.0,1.0,2.0,115.0,111.0,0.0,0.0,0.0,0.0,0.0,0.0,0.0,0.0,0.0,0.0,0.0,0.0,0.0,0.0,0.0,0.0,0.0,0.0,0.0,0.0,0.0,0.791,1.397,1.0,99.0,3.0,1.0,2.0,1.0,0.0,1.0,0.0,18.0,18.0,2.0,1.0,4,4,3.752287976008256,2.7776277266548965,0.9746602493533594
861,0.0,1304.0,3.0,3.0,10725.0,4.0,9.0,227.0,2.0,1.0,3.0,5.0,1.0,1.0,116.0,111.0,0.0,0.0,0.0,0.0,1.0,0.0,1.0,0.0,0.0,0.0,0.0,1.0,0.0,1.0,0.0,0.0,0.0,0.0,0.0,0.0,0.0,11.4,9.75,3.0,112.0,4.0,1.0,0.0,2.0,0.0,1.0,0.0,18.0,18.0,2.0,1.0,4,4,3.6960276976787894,2.646406288632095,1.0496214090466944
862,1.0,1304.0,3.0,3.0,10749.0,4.0,9.0,228.0,2.0,1.0,3.0,5.0,1.0,1.0,116.0,112.0,0.0,0.0,0.0,0.0,0.0,0.0,0.0,0.0,0.0,1.0,0.0,0.0,0.0,0.0,0.0,0.0,0.0,0.0,0.0,0.0,0.0,4.036,5.502,2.0,109.0,3.0,1.0,0.0,3.0,0.0,1.0,0.0,18.0,18.0,2.0,1.0,4,4,3.636405376973917,2.529188618823229,1.1072167581506878
863,0.0,1304.0,3.0,3.0,10774.0,4.0,9.0,229.0,2.0,1.0,3.0,5.0,1.0,2.0,117.0,112.0,1.0,0.0,0.0,0.0,0.0,0.0,0.0,0.0,0.0,0.0,0.0,0.0,0.0,0.0,0.0,0.0,0.0,0.0,0.0,0.0,0.0,5.986,4.857,1.0,89.0,1.0,0.0,0.0,3.0,0.0,2.0,0.0,19.0,18.0,2.0,1.0,4,4,3.5738564598721005,2.428972071337843,1.1448843885342574
864,0.0,1304.0,3.0,3.0,10887.0,4.0,10.0,230.0,2.0,1.0,4.0,5.0,2.0,1.0,118.0,112.0,0.0,0.0,0.0,0.0,0.0,0.0,0.0,0.0,0.0,0.0,1.0,1.0,0.0,1.0,0.0,0.0,0.0,0.0,0.0,0.0,0.0,32.03,17.028,6.0,106.0,3.0,1.0,0.0,0.0,0.0,0.0,0.0,19.0,18.0,2.0,1.0,4,4,3.508938502572095,2.34836788719039,1.160570615381705
865,1.0,1304.0,3.0,3.0,10919.0,4.0,10.0,231.0,2.0,1.0,4.0,5.0,2.0,1.0,118.0,113.0,0.0,0.0,0.0,0.0,0.0,0.0,0.0,0.0,0.0,0.0,0.0,0.0,1.0,0.0,1.0,0.0,0.0,0.0,0.0,0.0,0.0,15.331,16.204,3.0,117.0,2.0,0.0,2.0,1.0,0.0,0.0,0.0,19.0,18.0,2.0,1.0,4,4,3.442336105689031,2.2895228903330618,1.1528132153559691
866,0.0,1304.0,3.0,3.0,10949.0,4.0,10.0,232.0,2.0,1.0,4.0,5.0,2.0,2.0,119.0,113.0,0.0,0.0,0.0,0.0,0.0,0.0,0.0,0.0,1.0,0.0,1.0,0.0,0.0,0.0,0.0,0.0,0.0,0.0,0.0,0.0,0.0,3.85,3.589,0.0,0.0,3.0,1.0,1.0,1.0,0.0,1.0,0.0,19.0,18.0,2.0,1.0,4,4,3.374857499343937,2.254054378300478,1.1208031210434588
867,0.0,1304.0,3.0,3.0,10997.0,4.0,10.0,233.0,2.0,1.0,4.0,5.0,2.0,1.0,120.0,113.0,0.0,0.0,0.0,0.0,0.0,0.0,0.0,0.0,0.0,0.0,1.0,0.0,0.0,0.0,0.0,0.0,0.0,0.0,0.0,0.0,0.0,10.144,8.906,2.0,123.0,4.0,0.0,0.0,2.0,0.0,1.0,0.0,19.0,18.0,2.0,1.0,4,4,3.3074319380503376,2.2429947069119485,1.0644372311383892
868,1.0,1304.0,3.0,3.0,11018.0,4.0,10.0,234.0,2.0,1.0,4.0,5.0,2.0,1.0,120.0,114.0,0.0,0.0,0.0,0.0,0.0,0.0,0.0,0.0,0.0,0.0,0.0,0.0,1.0,0.0,1.0,1.0,0.0,0.0,0.0,1.0,0.0,30.598,30.645,7.0,130.0,0.0,1.0,1.0,3.0,0.0,1.0,0.0,19.0,18.0,2.0,1.0,4,4,3.241097652348727,2.256749705915841,0.9843479464328859
869,1.0,1304.0,3.0,3.0,11060.0,4.0,10.0,235.0,2.0,1.0,4.0,5.0,2.0,1.0,120.0,115.0,0.0,0.0,0.0,1.0,0.0,1.0,0.0,0.0,0.0,0.0,0.0,0.0,0.0,0.0,0.0,1.0,0.0,0.0,0.0,1.0,0.0,0.81,0.705,1.0,124.0,3.0,1.0,2.0,3.0,0.0,2.0,0.0,19.0,18.0,2.0,1.0,4,4,3.1769894826204443,2.295070642383247,0.8819188402371974
870,0.0,1304.0,3.0,3.0,11085.0,4.0,10.0,236.0,2.0,1.0,4.0,5.0,2.0,1.0,121.0,115.0,0.0,0.0,0.0,0.0,0.0,0.0,0.0,0.0,0.0,0.0,1.0,0.0,0.0,0.0,0.0,0.0,0.0,0.0,0.0,0.0,0.0,20.003,19.48,6.0,130.0,4.0,0.0,1.0,3.0,0.0,3.0,0.0,19.0,18.0,2.0,1.0,2,2,3.1163185244865956,2.3570462819136564,0.7592722425729392
871,1.0,1304.0,3.0,3.0,11123.0,4.0,10.0,237.0,2.0,1.0,4.0,5.0,2.0,1.0,121.0,116.0,0.0,0.0,0.0,0.0,0.0,0.0,0.0,0.0,0.0,0.0,0.0,0.0,1.0,0.0,1.0,1.0,0.0,0.0,0.0,1.0,0.0,13.671,15.816,1.0,119.0,3.0,1.0,1.0,4.0,0.0,3.0,0.0,19.0,18.0,2.0,1.0,2,2,3.0603492961716636,2.441108992677872,0.6192403034937914
872,1.0,1304.0,3.0,3.0,11154.0,4.0,10.0,238.0,2.0,1.0,4.0,5.0,2.0,1.0,121.0,117.0,0.0,0.0,0.0,0.0,0.0,1.0,1.0,0.0,0.0,0.0,0.0,0.0,0.0,0.0,0.0,0.0,0.0,0.0,0.0,0.0,0.0,32.897,26.017,7.0,105.0,3.0,1.0,1.0,3.0,0.0,3.0,0.0,19.0,18.0,2.0,1.0,2,1,3.0103712321312406,2.5450605889578757,0.4653106431733649
873,1.0,1304.0,3.0,3.0,11197.0,4.0,10.0,239.0,2.0,1.0,4.0,5.0,2.0,2.0,121.0,118.0,2.0,2.0,0.0,0.0,0.0,0.0,0.0,0.0,0.0,0.0,0.0,0.0,0.0,0.0,0.0,0.0,0.0,0.0,0.0,0.0,0.0,6.167,6.802,1.0,112.0,4.0,0.0,0.0,3.0,0.0,4.0,0.0,19.0,19.0,2.0,2.0,2,2,2.9676665848271684,2.6661168739985848,0.3015497108285836
874,0.0,1304.0,3.0,3.0,11507.0,5.0,1.0,240.0,2.0,2.0,0.0,0.0,1.0,1.0,122.0,118.0,0.0,0.0,0.0,0.0,0.0,0.0,0.0,0.0,0.0,0.0,0.0,0.0,0.0,0.0,0.0,0.0,0.0,0.0,0.0,0.0,0.0,20.85,25.883,7.0,105.0,3.0,0.0,1.0,0.0,0.0,0.0,0.0,19.0,19.0,2.0,2.0,2,1,2.9334770464289797,2.8009670146569556,0.13251003177202403
875,0.0,1304.0,3.0,3.0,11538.0,5.0,1.0,241.0,2.0,2.0,0.0,0.0,1.0,1.0,123.0,118.0,0.0,0.0,0.0,0.0,0.0,0.0,0.0,0.0,0.0,0.0,1.0,0.0,0.0,0.0,0.0,0.0,0.0,0.0,0.0,0.0,0.0,14.914,18.976,5.0,116.0,2.0,0.0,0.0,1.0,0.0,0.0,0.0,19.0,19.0,2.0,2.0,2,2,2.9089635403966874,2.9458551150542736,-0.03689157465758619
876,1.0,1304.0,3.0,3.0,11564.0,5.0,1.0,242.0,2.0,2.0,0.0,0.0,1.0,1.0,123.0,119.0,0.0,0.0,0.0,0.0,0.0,0.0,0.0,0.0,0.0,0.0,0.0,0.0,0.0,0.0,0.0,0.0,0.0,0.0,0.0,0.0,0.0,4.45,8.524,2.0,108.0,2.0,0.0,0.0,2.0,0.0,0.0,0.0,19.0,19.0,2.0,2.0,2,1,2.895169993445853,3.0966717062700893,-0.20150171282423646
877,0.0,1304.0,3.0,3.0,11585.0,5.0,1.0,243.0,2.0,2.0,0.0,0.0,1.0,1.0,124.0,119.0,0.0,0.0,0.0,0.0,1.0,0.0,1.0,0.0,0.0,0.0,0.0,0.0,0.0,0.0,0.0,0.0,0.0,0.0,0.0,0.0,0.0,9.684,17.126,3.0,115.0,1.0,1.0,0.0,2.0,0.0,1.0,0.0,19.0,19.0,2.0,2.0,2,2,2.8929814964712146,3.2490609912958606,-0.35607949482464596
878,0.0,1304.0,3.0,3.0,11610.0,5.0,1.0,244.0,2.0,2.0,0.0,0.0,1.0,2.0,125.0,119.0,1.0,0.0,0.0,0.0,1.0,0.0,2.0,0.0,0.0,0.0,0.0,0.0,0.0,0.0,0.0,0.0,0.0,0.0,0.0,0.0,0.0,24.166,24.269,7.0,91.0,1.0,0.0,0.0,3.0,0.0,1.0,0.0,20.0,19.0,2.0,2.0,2,1,2.903088571639752,3.3985417067463146,-0.49545313510656275
879,0.0,1304.0,3.0,3.0,11679.0,5.0,2.0,245.0,2.0,2.0,1.0,0.0,2.0,2.0,126.0,119.0,0.0,0.0,0.0,0.0,0.0,0.0,0.0,0.0,0.0,0.0,1.0,0.0,0.0,0.0,0.0,0.0,0.0,0.0,0.0,0.0,0.0,11.53,10.763,4.0,107.0,4.0,0.0,0.0,0.0,0.0,0.0,0.0,20.0,19.0,2.0,2.0,2,2,2.9259496224788366,3.540630390961854,-0.6146807684830176
880,1.0,1304.0,3.0,3.0,11717.0,5.0,2.0,246.0,2.0,2.0,1.0,0.0,2.0,1.0,126.0,120.0,0.0,0.0,0.0,0.0,0.0,1.0,1.0,0.0,0.0,0.0,0.0,0.0,1.0,0.0,1.0,0.0,0.0,0.0,0.0,0.0,0.0,14.87,13.431,5.0,114.0,2.0,0.0,2.0,1.0,0.0,0.0,0.0,20.0,19.0,2.0,2.0,4,4,2.9617574290666697,3.6709743239880237,-0.709216894921354
881,1.0,1304.0,3.0,3.0,11746.0,5.0,2.0,247.0,2.0,2.0,1.0,0.0,2.0,1.0,126.0,121.0,0.0,0.0,0.0,0.0,0.0,0.0,0.0,0.0,0.0,0.0,0.0,0.0,0.0,0.0,0.0,0.0,0.0,0.0,0.0,0.0,0.0,6.752,5.488,1.0,123.0,3.0,1.0,1.0,1.0,0.0,1.0,0.0,20.0,19.0,2.0,2.0,4,4,3.0104148376684075,3.7854839679426417,-0.7750691302742343
882,0.0,1304.0,3.0,3.0,11769.0,5.0,2.0,248.0,2.0,2.0,1.0,0.0,2.0,1.0,127.0,121.0,0.0,0.0,0.0,0.0,1.0,0.0,2.0,0.0,0.0,0.0,0.0,0.0,1.0,0.0,0.0,0.0,0.0,0.0,0.0,0.0,0.0,15.074,16.663,4.0,123.0,0.0,0.0,0.0,1.0,0.0,2.0,0.0,20.0,19.0,2.0,2.0,4,4,3.0715113167707218,3.8804593598571966,-0.8089480430864748
883,1.0,1304.0,3.0,3.0,11809.0,5.0,2.0,249.0,2.0,2.0,1.0,0.0,2.0,2.0,127.0,122.0,0.0,0.0,0.0,0.0,0.0,0.0,0.0,0.0,0.0,0.0,0.0,0.0,1.0,0.0,1.0,0.0,0.0,0.0,0.0,0.0,0.0,41.102,38.973,11.0,113.0,3.0,1.0,1.0,2.0,0.0,2.0,0.0,20.0,19.0,2.0,2.0,4,4,3.1443118364729843,3.9527147604463697,-0.8084029239733854
884,0.0,1304.0,3.0,3.0,11868.0,5.0,2.0,250.0,2.0,2.0,1.0,0.0,2.0,1.0,128.0,122.0,0.0,0.0,0.0,0.0,1.0,0.0,2.0,0.0,0.0,0.0,0.0,0.0,1.0,0.0,0.0,0.0,0.0,0.0,0.0,0.0,0.0,21.001,18.311,6.0,119.0,4.0,0.0,0.0,2.0,0.0,3.0,0.0,20.0,19.0,2.0,2.0,4,4,3.2277511377691694,3.9996905949961885,-0.7719394572270191
885,1.0,1304.0,3.0,3.0,11911.0,5.0,2.0,251.0,2.0,2.0,1.0,0.0,2.0,1.0,128.0,123.0,0.0,0.0,0.0,0.0,0.0,0.0,0.0,0.0,0.0,0.0,0.0,0.0,0.0,0.0,0.0,0.0,0.0,0.0,0.0,0.0,0.0,4.643,3.363,1.0,118.0,3.0,0.0,1.0,3.0,0.0,3.0,0.0,20.0,19.0,2.0,2.0,4,4,3.320440694498202,4.019544778307841,-0.699104083809639
886,0.0,1304.0,3.0,3.0,11943.0,5.0,2.0,252.0,2.0,2.0,1.0,0.0,2.0,1.0,129.0,123.0,0.0,0.0,0.0,0.0,1.0,0.0,1.0,0.0,0.0,0.0,0.0,0.0,1.0,0.0,0.0,0.0,0.0,0.0,0.0,0.0,0.0,18.235,12.348,4.0,121.0,3.0,1.0,0.0,3.0,0.0,4.0,0.0,20.0,19.0,2.0,2.0,4,4,3.4206857563046924,4.011235483966822,-0.5905497276621299
887,0.0,1304.0,3.0,3.0,11985.0,5.0,2.0,253.0,2.0,2.0,1.0,0.0,2.0,2.0,130.0,123.0,0.0,0.0,0.0,0.0,0.0,0.0,0.0,0.0,0.0,0.0,1.0,0.0,0.0,0.0,0.0,0.0,0.0,0.0,0.0,0.0,0.0,27.157,21.89,6.0,107.0,0.0,0.0,0.0,3.0,0.0,3.0,0.0,20.0,19.0,2.0,2.0,4,4,3.5265139067912115,3.9745713415614268,-0.4480574347702153
888,1.0,1304.0,3.0,3.0,12038.0,5.0,2.0,254.0,2.0,2.0,1.0,0.0,2.0,2.0,130.0,124.0,0.0,0.0,0.0,0.0,0.0,0.0,0.0,0.0,0.0,0.0,0.0,0.0,0.0,0.0,0.0,1.0,0.0,0.0,0.0,1.0,0.0,0.964,1.092,1.0,109.0,4.0,0.0,2.0,4.0,0.0,3.0,0.0,20.0,19.0,2.0,2.0,4,4,3.6357118106065465,3.9102456102706675,-0.27453379966412106
889,1.0,1304.0,3.0,3.0,12083.0,5.0,2.0,255.0,2.0,2.0,1.0,0.0,2.0,2.0,130.0,125.0,0.0,0.0,0.0,0.0,0.0,0.0,0.0,0.0,0.0,1.0,0.0,0.0,0.0,0.0,0.0,0.0,0.0,0.0,0.0,0.0,0.0,41.828,33.85,11.0,106.0,3.0,1.0,1.0,3.0,0.0,3.0,0.0,20.0,19.0,2.0,2.0,4,4,3.7458785084074733,3.8198338603790276,-0.07395535197155434
890,1.0,1304.0,3.0,3.0,12143.0,5.0,2.0,256.0,2.0,2.0,1.0,0.0,2.0,1.0,130.0,126.0,2.0,0.0,0.0,0.0,0.0,1.0,2.0,0.0,0.0,0.0,0.0,0.0,1.0,0.0,1.0,0.0,0.0,0.0,0.0,0.0,0.0,20.561,18.702,5.0,120.0,3.0,1.0,2.0,3.0,0.0,4.0,0.0,20.0,20.0,2.0,2.0,4,4,3.854485321911421,3.705769658636936,0.14871566327448482
891,1.0,1304.0,3.0,3.0,12178.0,5.0,3.0,257.0,2.0,2.0,1.0,1.0,1.0,2.0,130.0,127.0,0.0,0.0,0.0,0.0,0.0,0.0,0.0,0.0,0.0,1.0,0.0,0.0,0.0,0.0,0.0,0.0,0.0,0.0,0.0,0.0,0.0,7.744,8.454,2.0,94.0,1.0,0.0,1.0,0.0,0.0,0.0,0.0,20.0,20.0,2.0,2.0,4,4,3.958941743827521,3.5712916636777097,0.3876500801498115
892,0.0,1304.0,3.0,3.0,12207.0,5.0,3.0,258.0,2.0,2.0,1.0,1.0,1.0,1.0,131.0,127.0,0.0,0.0,1.0,0.0,1.0,0.0,0.0,0.0,0.0,0.0,0.0,0.0,0.0,0.0,0.0,0.0,0.0,0.0,0.0,0.0,0.0,0.643,0.991,1.0,120.0,3.0,1.0,2.0,0.0,0.0,1.0,0.0,20.0,20.0,2.0,2.0,4,4,4.056679667439378,3.420353209618347,0.6363264578210313
893,0.0,1304.0,3.0,3.0,12224.0,5.0,3.0,259.0,2.0,2.0,1.0,1.0,1.0,1.0,132.0,127.0,0.0,0.0,0.0,0.0,0.0,0.0,0.0,0.0,0.0,0.0,0.0,0.0,0.0,0.0,0.0,0.0,0.0,0.0,0.0,0.0,0.0,4.427,5.88,1.0,102.0,3.0,1.0,0.0,1.0,0.0,1.0,0.0,20.0,20.0,2.0,2.0,4,4,4.14522971754852,3.257515198748084,0.8877145188004358
894,0.0,1304.0,3.0,3.0,12241.0,5.0,3.0,260.0,2.0,2.0,1.0,1.0,1.0,1.0,133.0,127.0,0.0,0.0,0.0,0.0,0.0,0.0,0.0,0.0,0.0,0.0,0.0,0.0,0.0,0.0,0.0,0.0,0.0,0.0,0.0,0.0,0.0,3.962,5.916,1.0,113.0,4.0,1.0,0.0,2.0,0.0,1.0,0.0,20.0,20.0,2.0,2.0,4,4,4.222310676890193,3.087804866622237,1.1345058102679562
895,0.0,1304.0,3.0,3.0,12257.0,5.0,3.0,261.0,2.0,2.0,1.0,1.0,1.0,2.0,134.0,127.0,1.0,0.0,0.0,0.0,0.0,0.0,0.0,0.0,0.0,0.0,1.0,0.0,0.0,0.0,0.0,0.0,0.0,0.0,0.0,0.0,0.0,5.186,4.9,1.0,105.0,2.0,0.0,0.0,3.0,0.0,1.0,0.0,21.0,20.0,2.0,2.0,4,4,4.285912540125972,2.9165579043136525,1.3693546358123196
896,1.0,1304.0,3.0,3.0,12370.0,5.0,4.0,262.0,2.0,2.0,2.0,1.0,2.0,1.0,134.0,128.0,0.0,0.0,0.0,0.0,0.0,0.0,0.0,0.0,0.0,0.0,0.0,0.0,0.0,0.0,0.0,0.0,0.0,0.0,0.0,0.0,0.0,5.05,3.801,1.0,98.0,3.0,0.0,1.0,0.0,0.0,0.0,0.0,21.0,20.0,2.0,2.0,4,4,4.334381428114497,2.7492426869029667,1.5851387412115305
897,0.0,1304.0,3.0,3.0,12387.0,5.0,4.0,263.0,2.0,2.0,2.0,1.0,2.0,2.0,135.0,128.0,0.0,0.0,0.0,0.0,0.0,0.0,0.0,0.0,0.0,0.0,1.0,0.0,0.0,0.0,0.0,0.0,0.0,0.0,0.0,0.0,0.0,7.546,7.601,2.0,101.0,1.0,0.0,0.0,0.0,0.0,1.0,0.0,21.0,20.0,2.0,2.0,4,4,4.366497428458118,2.591269609984989,1.775227818473129
898,1.0,1304.0,3.0,3.0,12422.0,5.0,4.0,264.0,2.0,2.0,2.0,1.0,2.0,2.0,135.0,129.0,0.0,0.0,0.0,1.0,0.0,1.0,0.0,0.0,0.0,0.0,0.0,0.0,0.0,0.0,0.0,0.0,0.0,0.0,0.0,0.0,0.0,1.155,1.176,1.0,119.0,4.0,0.0,2.0,1.0,0.0,1.0,0.0,21.0,20.0,2.0,2.0,4,4,4.381532388982994,2.4477993095119963,1.933733079470998
899,0.0,1304.0,3.0,3.0,12461.0,5.0,4.0,265.0,2.0,2.0,2.0,1.0,2.0,2.0,136.0,129.0,0.0,0.0,0.0,0.0,0.0,0.0,0.0,0.0,0.0,0.0,1.0,0.0,0.0,0.0,0.0,0.0,0.0,0.0,0.0,0.0,0.0,25.224,20.925,6.0,109.0,4.0,0.0,1.0,1.0,0.0,2.0,0.0,21.0,20.0,2.0,2.0,4,2,4.379317385983448,2.323547061627749,2.055770324355699
900,0.0,1304.0,3.0,3.0,12528.0,5.0,4.0,266.0,2.0,2.0,2.0,1.0,2.0,1.0,137.0,129.0,0.0,0.0,0.0,0.0,1.0,0.0,1.0,0.0,0.0,0.0,0.0,0.0,0.0,0.0,0.0,0.0,0.0,0.0,0.0,0.0,0.0,25.026,19.659,6.0,118.0,3.0,1.0,1.0,2.0,0.0,2.0,0.0,21.0,20.0,2.0,2.0,4,1,4.360264613628001,2.2225967805834093,2.1376678330445915
901,1.0,1304.0,3.0,3.0,12569.0,5.0,4.0,267.0,2.0,2.0,2.0,1.0,2.0,1.0,137.0,130.0,0.0,0.0,0.0,1.0,0.0,1.0,0.0,0.0,0.0,0.0,0.0,0.0,0.0,0.0,0.0,1.0,0.0,0.0,0.0,1.0,0.0,1.376,1.022,1.0,124.0,4.0,1.0,2.0,3.0,0.0,2.0,0.0,21.0,20.0,2.0,2.0,4,2,4.325397286457374,2.1482422439891447,2.1771550424682293
902,1.0,1304.0,3.0,3.0,12667.0,5.0,4.0,268.0,2.0,2.0,2.0,1.0,2.0,1.0,137.0,131.0,0.0,0.0,0.0,0.0,0.0,0.0,0.0,0.0,0.0,1.0,0.0,0.0,0.0,0.0,0.0,0.0,0.0,0.0,0.0,0.0,0.0,10.549,9.475,3.0,133.0,0.0,0.0,0.0,3.0,0.0,3.0,0.0,21.0,20.0,2.0,2.0,4,1,4.276335456683956,2.1028231872139287,2.1735122694700273
903,1.0,1304.0,3.0,3.0,12700.0,5.0,4.0,269.0,2.0,2.0,2.0,1.0,2.0,1.0,137.0,132.0,2.0,0.0,0.0,0.0,0.0,1.0,1.0,0.0,0.0,0.0,0.0,0.0,1.0,0.0,1.0,0.0,0.0,0.0,0.0,0.0,0.0,26.046,19.487,5.0,121.0,0.0,0.0,1.0,3.0,0.0,4.0,0.0,21.0,21.0,2.0,2.0,4,2,4.215270226210784,2.087622818354226,2.127647407856558
904,1.0,1304.0,3.0,3.0,12745.0,5.0,5.0,270.0,2.0,2.0,2.0,2.0,1.0,1.0,137.0,133.0,0.0,0.0,0.0,0.0,0.0,0.0,0.0,0.0,0.0,0.0,0.0,0.0,0.0,0.0,0.0,0.0,0.0,0.0,0.0,0.0,0.0,35.856,34.128,8.0,110.0,2.0,0.0,1.0,0.0,0.0,0.0,0.0,21.0,21.0,2.0,2.0,4,1,4.1449148974545365,2.1027832950908145,2.042131602363722
905,1.0,1304.0,3.0,3.0,12787.0,5.0,5.0,271.0,2.0,2.0,2.0,2.0,1.0,1.0,137.0,134.0,0.0,0.0,0.0,0.0,0.0,0.0,0.0,0.0,0.0,1.0,0.0,1.0,0.0,0.0,0.0,0.0,0.0,0.0,0.0,0.0,0.0,12.209,12.968,4.0,109.0,0.0,0.0,0.0,0.0,0.0,1.0,0.0,21.0,21.0,2.0,2.0,4,2,4.068417909737542,2.147263094763163,1.9211548149743796
906,0.0,1304.0,3.0,3.0,12816.0,5.0,5.0,272.0,2.0,2.0,2.0,2.0,1.0,1.0,138.0,134.0,0.0,0.0,0.0,0.0,0.0,0.0,0.0,0.0,0.0,0.0,0.0,1.0,0.0,1.0,0.0,0.0,0.0,0.0,0.0,0.0,0.0,23.059,23.246,5.0,126.0,0.0,1.0,1.0,0.0,0.0,2.0,0.0,21.0,21.0,2.0,2.0,4,1,3.989263426213806,2.21884435206662,1.7704190741471857
907,0.0,1304.0,3.0,3.0,12866.0,5.0,5.0,273.0,2.0,2.0,2.0,2.0,1.0,1.0,139.0,134.0,0.0,0.0,0.0,0.0,0.0,0.0,0.0,0.0,0.0,0.0,0.0,0.0,0.0,0.0,0.0,0.0,0.0,0.0,0.0,0.0,0.0,3.528,3.705,1.0,111.0,1.0,0.0,2.0,1.0,0.0,2.0,0.0,21.0,21.0,2.0,2.0,4,2,3.911148135181537,2.314192690293307,1.5969554448882297
908,0.0,1304.0,3.0,3.0,12887.0,5.0,5.0,274.0,2.0,2.0,2.0,2.0,1.0,1.0,140.0,134.0,0.0,0.0,0.0,0.0,0.0,0.0,0.0,0.0,0.0,0.0,0.0,1.0,0.0,1.0,0.0,0.0,0.0,0.0,0.0,0.0,0.0,11.021,14.461,3.0,99.0,2.0,0.0,1.0,2.0,0.0,2.0,0.0,21.0,21.0,2.0,2.0,4,1,3.837831981315297,2.4289404408824637,1.4088915404328333
909,1.0,1304.0,3.0,3.0,12911.0,5.0,5.0,275.0,2.0,2.0,2.0,2.0,1.0,2.0,140.0,135.0,0.0,0.0,0.0,0.0,0.0,0.0,0.0,0.0,0.0,1.0,0.0,0.0,0.0,0.0,0.0,0.0,0.0,0.0,0.0,0.0,0.0,19.691,18.061,6.0,88.0,1.0,0.0,0.0,3.0,0.0,2.0,0.0,21.0,21.0,2.0,2.0,4,2,3.7729867952884506,2.5578511145738485,1.215135680714602
910,0.0,1304.0,3.0,3.0,12957.0,5.0,5.0,276.0,2.0,2.0,2.0,2.0,1.0,1.0,141.0,135.0,0.0,0.0,0.0,0.0,1.0,0.0,1.0,0.0,0.0,0.0,0.0,1.0,0.0,1.0,0.0,0.0,0.0,0.0,0.0,0.0,0.0,14.852,16.533,5.0,112.0,3.0,0.0,0.0,3.0,0.0,3.0,0.0,21.0,21.0,2.0,2.0,4,1,3.720016853977225,2.6949971583901,1.0250196955871251
911,0.0,1304.0,3.0,3.0,12989.0,5.0,5.0,277.0,2.0,2.0,2.0,2.0,1.0,1.0,142.0,135.0,1.0,0.0,0.0,0.0,0.0,0.0,0.0,0.0,0.0,0.0,0.0,1.0,0.0,1.0,0.0,0.0,0.0,0.0,0.0,0.0,0.0,36.743,36.589,7.0,110.0,4.0,0.0,0.0,4.0,0.0,3.0,0.0,22.0,21.0,2.0,2.0,4,2,3.681899302285555,2.833992228234111,0.8479070740514438
912,1.0,1304.0,3.0,3.0,13140.0,5.0,6.0,278.0,2.0,2.0,3.0,2.0,2.0,1.0,142.0,136.0,0.0,0.0,0.0,0.0,0.0,0.0,0.0,0.0,0.0,0.0,0.0,0.0,0.0,0.0,0.0,0.0,0.0,0.0,0.0,0.0,0.0,3.527,2.645,1.0,127.0,0.0,0.0,0.0,0.0,0.0,0.0,0.0,22.0,21.0,2.0,2.0,4,4,3.661014546666524,2.9682372853575094,0.6927772613090144
913,0.0,1304.0,3.0,3.0,13159.0,5.0,6.0,279.0,2.0,2.0,3.0,2.0,2.0,2.0,143.0,136.0,0.0,0.0,0.0,0.0,0.0,0.0,0.0,0.0,0.0,0.0,1.0,0.0,0.0,0.0,0.0,0.0,0.0,0.0,0.0,0.0,0.0,12.05,9.955,2.0,98.0,3.0,0.0,0.0,0.0,0.0,1.0,0.0,22.0,21.0,2.0,2.0,4,4,3.658990741541614,3.0912036894607877,0.5677870520808264
914,1.0,1304.0,3.0,3.0,13205.0,5.0,6.0,280.0,2.0,2.0,3.0,2.0,2.0,1.0,143.0,137.0,0.0,0.0,0.0,1.0,0.0,1.0,0.0,0.0,0.0,0.0,0.0,0.0,0.0,0.0,0.0,0.0,0.0,0.0,0.0,0.0,0.0,0.66,0.623,1.0,129.0,4.0,0.0,2.0,1.0,0.0,1.0,0.0,22.0,21.0,2.0,2.0,4,4,3.676577240933113,3.196702106275806,0.4798751346573069
915,1.0,1304.0,3.0,3.0,13224.0,5.0,6.0,281.0,2.0,2.0,3.0,2.0,2.0,1.0,143.0,138.0,0.0,0.0,0.0,0.0,0.0,0.0,0.0,0.0,0.0,0.0,0.0,0.0,1.0,0.0,1.0,0.0,0.0,0.0,0.0,0.0,0.0,13.825,14.078,3.0,118.0,0.0,0.0,0.0,1.0,0.0,2.0,0.0,22.0,21.0,2.0,2.0,4,4,3.713540815588803,3.2791819304841066,0.4343588851046962
916,1.0,1304.0,3.0,3.0,13250.0,5.0,6.0,282.0,2.0,2.0,3.0,2.0,2.0,2.0,143.0,139.0,2.0,0.0,0.0,0.0,0.0,0.0,0.0,0.0,0.0,0.0,0.0,0.0,0.0,0.0,0.0,0.0,0.0,0.0,0.0,0.0,0.0,3.537,4.517,1.0,109.0,1.0,0.0,1.0,1.0,0.0,3.0,0.0,22.0,22.0,2.0,2.0,4,4,3.768608047160341,3.3339611667796385,0.4346468803807024
917,0.0,1304.0,3.0,3.0,13301.0,5.0,7.0,283.0,2.0,2.0,3.0,3.0,1.0,1.0,144.0,139.0,0.0,0.0,0.0,0.0,0.0,0.0,0.0,0.0,0.0,0.0,0.0,0.0,0.0,0.0,0.0,0.0,0.0,0.0,0.0,0.0,0.0,1.304,1.92,1.0,103.0,3.0,1.0,2.0,0.0,0.0,0.0,0.0,22.0,22.0,2.0,2.0,4,4,3.839435563355903,3.3574801591252066,0.4819554042306966
918,0.0,1304.0,3.0,3.0,13329.0,5.0,7.0,284.0,2.0,2.0,3.0,3.0,1.0,1.0,145.0,139.0,0.0,0.0,0.0,0.0,0.0,0.0,0.0,0.0,0.0,0.0,0.0,0.0,0.0,0.0,0.0,0.0,0.0,0.0,0.0,0.0,0.0,35.379,33.944,9.0,108.0,1.0,0.0,0.0,1.0,0.0,0.0,0.0,22.0,22.0,2.0,2.0,4,4,3.9226566771448432,3.3474715558122057,0.5751851213326376
919,0.0,1304.0,3.0,3.0,13365.0,5.0,7.0,285.0,2.0,2.0,3.0,3.0,1.0,2.0,146.0,139.0,0.0,0.0,0.0,0.0,0.0,0.0,0.0,0.0,0.0,0.0,1.0,0.0,0.0,0.0,0.0,0.0,0.0,0.0,0.0,0.0,0.0,3.579,3.487,1.0,95.0,2.0,0.0,1.0,2.0,0.0,0.0,0.0,22.0,22.0,2.0,2.0,4,4,4.013952155490375,3.3030949967341634,0.7108571587562116
920,0.0,1304.0,3.0,3.0,13393.0,5.0,7.0,286.0,2.0,2.0,3.0,3.0,1.0,1.0,147.0,139.0,1.0,0.0,0.0,0.0,1.0,0.0,1.0,0.0,0.0,0.0,0.0,1.0,0.0,1.0,0.0,0.0,0.0,0.0,0.0,0.0,0.0,14.277,9.479,3.0,113.0,4.0,0.0,0.0,3.0,0.0,0.0,0.0,23.0,22.0,2.0,2.0,4,4,4.108207034746264,3.22500200868506,0.8832050260612037
921,1.0,1304.0,3.0,3.0,13496.0,5.0,8.0,287.0,2.0,2.0,4.0,3.0,2.0,1.0,147.0,140.0,0.0,0.0,0.0,0.0,0.0,0.0,0.0,0.0,0.0,0.0,0.0,0.0,0.0,0.0,0.0,0.0,0.0,0.0,0.0,0.0,0.0,5.046,4.753,1.0,117.0,3.0,0.0,1.0,0.0,0.0,0.0,0.0,23.0,22.0,2.0,2.0,4,4,4.199698536010563,3.115340690883258,1.0843578451273048
922,1.0,1304.0,3.0,3.0,13514.0,5.0,8.0,288.0,2.0,2.0,4.0,3.0,2.0,1.0,147.0,141.0,0.0,0.0,0.0,0.0,0.0,1.0,1.0,0.0,0.0,0.0,0.0,0.0,0.0,0.0,0.0,0.0,0.0,0.0,0.0,0.0,0.0,8.286,7.5,3.0,118.0,4.0,1.0,1.0,0.0,0.0,1.0,0.0,23.0,22.0,2.0,2.0,4,4,4.282344792113828,2.977649730111435,1.3046950620023932
923,1.0,1304.0,3.0,3.0,13541.0,5.0,8.0,289.0,2.0,2.0,4.0,3.0,2.0,1.0,147.0,142.0,0.0,0.0,0.0,1.0,0.0,1.0,0.0,0.0,0.0,0.0,0.0,0.0,0.0,0.0,0.0,0.0,0.0,0.0,0.0,0.0,0.0,0.756,0.723,1.0,113.0,3.0,1.0,2.0,0.0,0.0,2.0,0.0,23.0,22.0,2.0,2.0,4,2,4.349995966579449,2.816732806553719,1.5332631600257303
924,1.0,1304.0,3.0,3.0,13557.0,5.0,8.0,290.0,2.0,2.0,4.0,3.0,2.0,2.0,147.0,143.0,2.0,0.0,0.0,0.0,0.0,1.0,2.0,0.0,0.0,0.0,0.0,0.0,0.0,0.0,0.0,0.0,0.0,0.0,0.0,0.0,0.0,40.757,40.936,11.0,96.0,2.0,0.0,0.0,0.0,0.0,3.0,0.0,23.0,23.0,2.0,2.0,4,1,4.396751360929346,2.638418667367689,1.7583326935616572
925,0.0,1304.0,3.0,3.0,13617.0,5.0,9.0,291.0,2.0,2.0,4.0,4.0,1.0,1.0,148.0,143.0,0.0,0.0,0.0,0.0,0.0,0.0,0.0,0.0,0.0,0.0,0.0,0.0,0.0,0.0,0.0,0.0,0.0,0.0,0.0,0.0,0.0,17.214,25.613,5.0,124.0,4.0,0.0,0.0,0.0,0.0,0.0,0.0,23.0,23.0,2.0,2.0,4,2,4.417307359990849,2.4492763752782327,1.968030984712616
926,1.0,1304.0,3.0,3.0,13644.0,5.0,9.0,292.0,2.0,2.0,4.0,4.0,1.0,1.0,148.0,144.0,0.0,0.0,0.0,0.0,0.0,0.0,0.0,0.0,0.0,1.0,0.0,0.0,0.0,0.0,0.0,0.0,0.0,0.0,0.0,0.0,0.0,23.339,21.835,6.0,109.0,4.0,0.0,0.0,1.0,0.0,0.0,0.0,23.0,23.0,2.0,2.0,4,1,4.407288465150165,2.256292314903231,2.150996150246934
927,1.0,1304.0,3.0,3.0,13680.0,5.0,9.0,293.0,2.0,2.0,4.0,4.0,1.0,1.0,148.0,145.0,0.0,0.0,0.0,0.0,0.0,1.0,2.0,0.0,0.0,0.0,0.0,0.0,1.0,0.0,1.0,0.0,0.0,0.0,0.0,0.0,0.0,19.294,26.337,6.0,105.0,2.0,0.0,0.0,1.0,0.0,1.0,0.0,23.0,23.0,2.0,2.0,4,2,4.363575095276037,2.0664953260473293,2.2970797692287075
928,0.0,1304.0,3.0,3.0,13715.0,5.0,9.0,294.0,2.0,2.0,4.0,4.0,1.0,1.0,149.0,145.0,0.0,0.0,0.0,0.0,0.0,0.0,0.0,0.0,0.0,0.0,0.0,0.0,0.0,0.0,0.0,0.0,0.0,0.0,0.0,0.0,0.0,0.703,1.136,1.0,122.0,2.0,0.0,2.0,1.0,0.0,2.0,0.0,23.0,23.0,2.0,2.0,4,1,4.284590828685367,1.8866007299956462,2.397990098689721
929,0.0,1304.0,3.0,3.0,13738.0,5.0,9.0,295.0,2.0,2.0,4.0,4.0,1.0,1.0,150.0,145.0,0.0,0.0,0.0,0.0,1.0,0.0,1.0,0.0,0.0,0.0,0.0,1.0,0.0,1.0,0.0,0.0,0.0,0.0,0.0,0.0,0.0,9.695,7.534,3.0,111.0,3.0,1.0,2.0,2.0,0.0,2.0,0.0,23.0,23.0,2.0,2.0,4,2,4.170532085035896,1.7226357923134603,2.4478962927224357
930,0.0,1304.0,3.0,3.0,13763.0,5.0,9.0,296.0,2.0,2.0,4.0,4.0,1.0,1.0,151.0,145.0,1.0,0.0,0.0,0.0,0.0,0.0,0.0,0.0,0.0,0.0,1.0,0.0,0.0,0.0,0.0,0.0,0.0,0.0,0.0,0.0,0.0,10.526,11.461,3.0,111.0,4.0,0.0,0.0,3.0,0.0,2.0,0.0,24.0,23.0,2.0,2.0,4,1,4.023496781224123,1.5796163525856528,2.4438804286384705
931,0.0,1304.0,3.0,3.0,13877.0,5.0,10.0,297.0,2.0,2.0,5.0,4.0,2.0,1.0,152.0,145.0,0.0,0.0,0.0,0.0,0.0,0.0,0.0,0.0,0.0,0.0,1.0,0.0,0.0,0.0,0.0,0.0,0.0,0.0,0.0,0.0,0.0,8.461,5.569,2.0,118.0,2.0,0.0,0.0,0.0,0.0,0.0,0.0,24.0,23.0,2.0,2.0,4,2,3.8475577455679657,1.4612858072087804,2.3862719383591853
932,0.0,1304.0,3.0,3.0,13896.0,5.0,10.0,298.0,2.0,2.0,5.0,4.0,2.0,1.0,153.0,145.0,0.0,0.0,0.0,0.0,0.0,0.0,0.0,0.0,0.0,0.0,0.0,0.0,0.0,0.0,0.0,0.0,0.0,0.0,0.0,0.0,0.0,20.33,14.729,4.0,121.0,2.0,0.0,2.0,1.0,0.0,0.0,0.0,24.0,23.0,2.0,2.0,4,1,3.6486859739386546,1.369927925500471,2.2787580484381835
933,1.0,1304.0,3.0,3.0,13932.0,5.0,10.0,299.0,2.0,2.0,5.0,4.0,2.0,1.0,153.0,146.0,0.0,0.0,0.0,1.0,0.0,1.0,0.0,0.0,0.0,0.0,0.0,0.0,0.0,0.0,0.0,0.0,0.0,0.0,0.0,0.0,0.0,0.854,0.753,1.0,120.0,3.0,1.0,2.0,2.0,0.0,0.0,0.0,24.0,23.0,2.0,2.0,4,2,3.4345847791371624,1.306261614084098,2.1283231650530645
934,0.0,1304.0,3.0,3.0,13955.0,5.0,10.0,300.0,2.0,2.0,5.0,4.0,2.0,2.0,154.0,146.0,0.0,0.0,0.0,0.0,0.0,0.0,0.0,0.0,1.0,0.0,1.0,0.0,0.0,0.0,0.0,0.0,0.0,0.0,0.0,0.0,0.0,4.193,2.728,0.0,0.0,4.0,1.0,2.0,2.0,0.0,1.0,0.0,24.0,23.0,2.0,2.0,4,1,3.2143553215626053,1.26947712650128,1.9448781950613252
935,1.0,1304.0,3.0,3.0,13994.0,5.0,10.0,301.0,2.0,2.0,5.0,4.0,2.0,1.0,154.0,147.0,0.0,0.0,0.0,0.0,0.0,1.0,1.0,0.0,0.0,0.0,0.0,0.0,1.0,0.0,1.0,1.0,0.0,0.0,0.0,1.0,0.0,24.105,16.922,7.0,122.0,2.0,0.0,0.0,3.0,0.0,1.0,0.0,24.0,23.0,2.0,2.0,4,2,2.998119787263396,1.257329314592899,1.7407904726704968
936,1.0,1304.0,3.0,3.0,14035.0,5.0,10.0,302.0,2.0,2.0,5.0,4.0,2.0,1.0,154.0,148.0,0.0,0.0,0.0,1.0,0.0,1.0,0.0,0.0,0.0,0.0,0.0,0.0,0.0,0.0,0.0,1.0,0.0,0.0,0.0,1.0,0.0,1.088,0.891,1.0,113.0,3.0,1.0,2.0,3.0,0.0,2.0,0.0,24.0,23.0,2.0,2.0,4,1,2.7964454236917264,1.266368703364018,1.5300767203277084
937,1.0,1304.0,3.0,3.0,14066.0,5.0,10.0,303.0,2.0,2.0,5.0,4.0,2.0,1.0,154.0,149.0,0.0,0.0,0.0,0.0,0.0,0.0,0.0,0.0,0.0,1.0,0.0,1.0,0.0,0.0,0.0,0.0,0.0,0.0,0.0,0.0,0.0,31.404,24.583,7.0,136.0,0.0,1.0,0.0,3.0,0.0,3.0,0.0,24.0,23.0,2.0,2.0,2,2,2.619783687129417,1.2922689152166575,1.3275147719127594
938,1.0,1304.0,3.0,3.0,14106.0,5.0,10.0,304.0,2.0,2.0,5.0,4.0,2.0,1.0,154.0,150.0,2.0,0.0,0.0,1.0,0.0,1.0,0.0,0.0,0.0,0.0,0.0,0.0,0.0,0.0,0.0,0.0,0.0,0.0,0.0,0.0,0.0,1.275,1.043,1.0,121.0,4.0,1.0,2.0,3.0,0.0,4.0,0.0,24.0,24.0,2.0,2.0,2,1,2.477780085815931,1.3301682856471158,1.1476118001688151
939,1.0,1304.0,3.0,3.0,14136.0,5.0,11.0,305.0,2.0,2.0,5.0,5.0,1.0,1.0,154.0,151.0,0.0,0.0,0.0,0.0,0.0,0.0,0.0,0.0,0.0,1.0,0.0,0.0,0.0,0.0,0.0,0.0,0.0,0.0,0.0,0.0,0.0,6.584,9.665,2.0,98.0,3.0,1.0,0.0,0.0,0.0,0.0,0.0,24.0,24.0,2.0,2.0,2,2,2.378636683749662,1.3750960073500824,1.0035406763995796
940,0.0,1304.0,3.0,3.0,14158.0,5.0,11.0,306.0,2.0,2.0,5.0,5.0,1.0,2.0,155.0,151.0,0.0,0.0,0.0,0.0,1.0,0.0,2.0,0.0,0.0,0.0,0.0,0.0,1.0,0.0,0.0,0.0,0.0,0.0,0.0,0.0,0.0,18.705,22.722,5.0,84.0,1.0,0.0,0.0,0.0,0.0,1.0,0.0,24.0,24.0,2.0,2.0,2,1,2.328487425556367,1.4223888623484031,0.9060985632079639
941,0.0,1304.0,3.0,3.0,14200.0,5.0,11.0,307.0,2.0,2.0,5.0,5.0,1.0,1.0,156.0,151.0,0.0,0.0,0.0,0.0,0.0,0.0,0.0,0.0,0.0,0.0,0.0,0.0,1.0,0.0,0.0,0.0,0.0,0.0,0.0,0.0,0.0,29.806,28.663,7.0,104.0,3.0,1.0,1.0,1.0,0.0,1.0,0.0,24.0,24.0,2.0,2.0,2,2,2.3308280495732476,1.468006059238173,0.8628219903350747
942,1.0,1304.0,3.0,3.0,14240.0,5.0,11.0,308.0,2.0,2.0,5.0,5.0,1.0,1.0,156.0,152.0,0.0,0.0,0.0,0.0,0.0,0.0,0.0,0.0,0.0,1.0,0.0,1.0,0.0,0.0,0.0,0.0,0.0,0.0,0.0,0.0,0.0,18.483,16.727,4.0,112.0,4.0,1.0,1.0,2.0,0.0,1.0,0.0,24.0,24.0,2.0,2.0,2,1,2.3861965001784844,1.5088201504119991,0.8773763497664853
943,1.0,1304.0,3.0,3.0,14275.0,5.0,11.0,309.0,2.0,2.0,5.0,5.0,1.0,2.0,156.0,153.0,0.0,0.0,0.0,0.0,0.0,0.0,0.0,0.0,0.0,1.0,0.0,0.0,0.0,0.0,0.0,0.0,0.0,0.0,0.0,0.0,0.0,12.76,17.565,4.0,92.0,2.0,0.0,0.0,2.0,0.0,2.0,0.0,24.0,24.0,2.0,2.0,2,2,2.4918783026200204,1.542777080450157,0.9491012221698634
944,0.0,1304.0,3.0,3.0,14318.0,5.0,11.0,310.0,2.0,2.0,5.0,5.0,1.0,1.0,157.0,153.0,0.0,0.0,0.0,0.0,1.0,0.0,1.0,0.0,0.0,0.0,0.0,0.0,0.0,0.0,0.0,0.0,1.0,0.0,0.0,0.0,1.0,15.608,19.163,5.0,112.0,4.0,0.0,1.0,2.0,0.0,3.0,0.0,24.0,24.0,2.0,2.0,2,1,2.641995625894388,1.5688825149265255,1.0731131109678624
945,0.0,1304.0,3.0,3.0,14368.0,5.0,11.0,311.0,2.0,2.0,5.0,5.0,1.0,2.0,158.0,153.0,0.0,0.0,0.0,0.0,0.0,0.0,0.0,0.0,0.0,0.0,0.0,0.0,0.0,0.0,0.0,0.0,0.0,0.0,0.0,0.0,0.0,4.255,4.17,1.0,95.0,3.0,1.0,1.0,3.0,0.0,3.0,0.0,24.0,24.0,2.0,2.0,2,2,2.8277560090819147,1.5870688538007003,1.2406871552812144
946,1.0,1304.0,3.0,3.0,14406.0,5.0,11.0,312.0,2.0,2.0,5.0,5.0,1.0,1.0,158.0,154.0,0.0,0.0,0.0,0.0,0.0,0.0,0.0,0.0,0.0,0.0,0.0,0.0,0.0,0.0,0.0,0.0,0.0,0.0,0.0,0.0,0.0,8.03,8.279,2.0,107.0,2.0,0.0,1.0,4.0,0.0,3.0,0.0,24.0,24.0,2.0,2.0,4,1,3.0379238866642186,1.5978932842517082,1.4400306024125105
947,0.0,1304.0,3.0,3.0,14429.0,5.0,11.0,313.0,2.0,2.0,5.0,5.0,1.0,1.0,159.0,154.0,0.0,0.0,0.0,0.0,1.0,0.0,2.0,0.0,0.0,0.0,0.0,1.0,0.0,1.0,0.0,0.0,0.0,0.0,0.0,0.0,0.0,31.527,32.311,9.0,118.0,4.0,1.0,0.0,3.0,0.0,3.0,0.0,24.0,24.0,2.0,2.0,4,2,3.259680906251994,1.6022278688371219,1.657453037414872
948,0.0,1304.0,3.0,3.0,14472.0,5.0,11.0,314.0,2.0,2.0,5.0,5.0,1.0,1.0,160.0,154.0,1.0,0.0,0.0,0.0,0.0,0.0,0.0,0.0,0.0,0.0,1.0,0.0,0.0,0.0,0.0,0.0,0.0,0.0,0.0,0.0,0.0,10.858,11.318,3.0,110.0,4.0,0.0,0.0,4.0,0.0,3.0,0.0,25.0,24.0,2.0,2.0,4,1,3.47950065080235,1.6007862861516489,1.8787143646507012
949,1.0,1304.0,3.0,3.0,14585.0,5.0,12.0,315.0,2.0,2.0,6.0,5.0,2.0,1.0,160.0,155.0,0.0,0.0,0.0,0.0,0.0,0.0,0.0,0.0,0.0,0.0,0.0,0.0,0.0,0.0,0.0,0.0,0.0,0.0,0.0,0.0,0.0,18.396,13.107,5.0,129.0,4.0,0.0,0.0,0.0,0.0,0.0,0.0,25.0,24.0,2.0,2.0,4,2,3.684253958294454,1.593797781300331,2.090456176994123
950,1.0,1304.0,3.0,3.0,14620.0,5.0,12.0,316.0,2.0,2.0,6.0,5.0,2.0,1.0,160.0,156.0,0.0,0.0,0.0,1.0,0.0,1.0,0.0,0.0,0.0,0.0,0.0,0.0,0.0,0.0,0.0,0.0,0.0,0.0,0.0,0.0,0.0,1.187,1.273,1.0,123.0,3.0,1.0,2.0,0.0,0.0,1.0,0.0,25.0,24.0,2.0,2.0,4,1,3.8623583502121566,1.5808265661135767,2.28153178409858
951,1.0,1304.0,3.0,3.0,14648.0,5.0,12.0,317.0,2.0,2.0,6.0,5.0,2.0,2.0,160.0,157.0,0.0,0.0,0.0,0.0,0.0,0.0,0.0,0.0,0.0,0.0,0.0,0.0,0.0,0.0,0.0,0.0,0.0,0.0,0.0,0.0,0.0,11.474,9.023,3.0,102.0,0.0,0.0,0.0,0.0,0.0,2.0,0.0,25.0,24.0,2.0,2.0,4,2,4.004782772746158,1.5607584548790985,2.4440243178670595
952,0.0,1304.0,3.0,3.0,14689.0,5.0,12.0,318.0,2.0,2.0,6.0,5.0,2.0,2.0,161.0,157.0,0.0,0.0,0.0,0.0,1.0,0.0,1.0,0.0,0.0,0.0,0.0,0.0,0.0,0.0,0.0,0.0,0.0,0.0,0.0,0.0,0.0,9.534,11.782,4.0,128.0,0.0,1.0,1.0,0.0,0.0,3.0,0.0,25.0,24.0,2.0,2.0,4,1,4.105940823367539,1.5322293934639246,2.5737114299036143
953,1.0,1304.0,3.0,3.0,14731.0,5.0,12.0,319.0,2.0,2.0,6.0,5.0,2.0,1.0,161.0,158.0,2.0,0.0,0.0,1.0,0.0,1.0,0.0,0.0,0.0,0.0,0.0,0.0,0.0,0.0,0.0,0.0,0.0,0.0,0.0,0.0,0.0,0.967,0.821,1.0,112.0,3.0,1.0,2.0,1.0,0.0,3.0,0.0,25.0,25.0,2.0,2.0,4,2,4.164176798470448,1.4943273714243108,2.6698494270461373
954,0.0,1304.0,3.0,3.0,14762.0,5.0,13.0,320.0,2.0,2.0,6.0,6.0,1.0,1.0,162.0,158.0,0.0,0.0,0.0,0.0,1.0,0.0,1.0,0.0,0.0,0.0,0.0,0.0,0.0,0.0,0.0,0.0,0.0,0.0,0.0,0.0,0.0,7.313,9.043,3.0,104.0,3.0,0.0,0.0,0.0,0.0,0.0,0.0,25.0,25.0,2.0,2.0,4,1,4.181990549999242,1.4476600792557721,2.7343304707434695
955,1.0,1304.0,3.0,3.0,14788.0,5.0,13.0,321.0,2.0,2.0,6.0,6.0,2.0,1.0,162.0,159.0,0.0,0.0,0.0,0.0,0.0,0.0,0.0,0.0,0.0,0.0,0.0,0.0,0.0,0.0,0.0,0.0,0.0,0.0,0.0,0.0,0.0,8.803,8.658,1.0,122.0,3.0,1.0,0.0,0.0,1.0,0.0,0.0,25.0,25.0,2.0,2.0,4,2,4.165651745189265,1.3957228116799394,2.769928933509326
956,0.0,1304.0,3.0,3.0,14823.0,5.0,13.0,322.0,2.0,2.0,6.0,6.0,2.0,1.0,163.0,159.0,0.0,0.0,0.0,0.0,1.0,0.0,1.0,0.0,0.0,0.0,0.0,1.0,0.0,1.0,0.0,0.0,0.0,0.0,0.0,0.0,0.0,32.364,25.969,10.0,113.0,3.0,1.0,0.0,0.0,1.0,0.0,1.0,25.0,25.0,2.0,2.0,4,1,4.1244021973595215,1.3462134933202918,2.7781887040392297
957,0.0,1304.0,3.0,3.0,14868.0,5.0,13.0,323.0,2.0,2.0,6.0,6.0,1.0,2.0,164.0,159.0,0.0,0.0,0.0,0.0,0.0,0.0,0.0,0.0,0.0,0.0,1.0,0.0,0.0,0.0,0.0,0.0,0.0,0.0,0.0,0.0,0.0,22.928,27.471,7.0,86.0,0.0,0.0,1.0,0.0,2.0,0.0,1.0,25.0,25.0,2.0,2.0,4,2,4.069384228958916,1.3119246101558404,2.7574596188030758
958,0.0,1304.0,3.0,3.0,14916.0,5.0,13.0,324.0,2.0,2.0,6.0,6.0,1.0,2.0,165.0,159.0,0.0,0.0,0.0,0.0,0.0,0.0,0.0,0.0,0.0,0.0,1.0,0.0,0.0,0.0,0.0,0.0,0.0,0.0,0.0,0.0,0.0,9.476,10.828,3.0,91.0,2.0,0.0,1.0,0.0,3.0,0.0,1.0,25.0,25.0,2.0,2.0,4,1,4.012040447661364,1.3110579904597979,2.700982457201566
959,1.0,1304.0,3.0,3.0,14960.0,5.0,13.0,325.0,2.0,2.0,6.0,6.0,2.0,2.0,165.0,160.0,0.0,0.0,0.0,0.0,0.0,0.0,0.0,0.0,0.0,0.0,0.0,0.0,0.0,0.0,0.0,0.0,0.0,0.0,0.0,0.0,0.0,3.802,3.115,1.0,100.0,3.0,0.0,0.0,0.0,4.0,0.0,1.0,25.0,25.0,2.0,2.0,4,2,3.962726793667248,1.3660188595629792,2.596707934104269
960,0.0,1304.0,3.0,3.0,15033.0,5.0,13.0,326.0,2.0,2.0,6.0,6.0,2.0,2.0,166.0,160.0,0.0,0.0,0.0,0.0,0.0,0.0,0.0,0.0,0.0,0.0,0.0,0.0,0.0,0.0,0.0,0.0,0.0,0.0,0.0,0.0,0.0,7.264,7.364,2.0,98.0,0.0,0.0,1.0,0.0,4.0,0.0,2.0,25.0,25.0,2.0,2.0,4,1,3.929320709373657,1.5005734053969126,2.428747303976744
961,0.0,1304.0,3.0,3.0,15078.0,5.0,13.0,327.0,2.0,2.0,6.0,6.0,1.0,1.0,167.0,160.0,0.0,0.0,0.0,0.0,0.0,0.0,0.0,0.0,0.0,0.0,1.0,0.0,0.0,0.0,0.0,0.0,0.0,0.0,0.0,0.0,0.0,20.27,15.837,5.0,117.0,0.0,0.0,0.0,0.0,5.0,0.0,2.0,25.0,25.0,2.0,2.0,4,2,3.9162502975042006,1.7348631188586836,2.181387178645517
962,1.0,1304.0,3.0,3.0,15118.0,5.0,13.0,328.0,2.0,2.0,6.0,6.0,1.0,1.0,167.0,161.0,0.0,0.0,0.0,0.0,0.0,1.0,1.0,0.0,0.0,0.0,0.0,0.0,0.0,0.0,0.0,0.0,0.0,0.0,0.0,0.0,0.0,3.355,4.719,2.0,108.0,3.0,1.0,1.0,0.0,6.0,0.0,2.0,25.0,25.0,2.0,2.0,4,1,3.9241228406040474,2.0787624610408306,1.8453603795632167
963,1.0,1304.0,3.0,3.0,15152.0,5.0,13.0,329.0,2.0,2.0,6.0,6.0,2.0,1.0,167.0,162.0,0.0,0.0,0.0,0.0,0.0,0.0,0.0,0.0,0.0,0.0,0.0,0.0,1.0,0.0,1.0,0.0,0.0,0.0,0.0,0.0,0.0,13.547,13.661,3.0,120.0,4.0,0.0,0.0,0.0,6.0,0.0,3.0,25.0,25.0,2.0,2.0,4,2,3.9497388952478625,2.5235978030119477,1.4261410922359148
964,1.0,1304.0,3.0,3.0,15194.0,5.0,13.0,330.0,2.0,2.0,6.0,6.0,2.0,2.0,167.0,163.0,0.0,0.0,0.0,0.0,0.0,0.0,0.0,0.0,0.0,1.0,0.0,0.0,0.0,0.0,0.0,0.0,0.0,0.0,0.0,0.0,0.0,11.388,9.775,3.0,110.0,2.0,0.0,0.0,0.0,6.0,0.0,4.0,25.0,25.0,2.0,2.0,4,4,3.9867324874219854,3.0350932023856734,0.951639285036312
965,0.0,1304.0,3.0,3.0,15236.0,5.0,13.0,331.0,2.0,2.0,6.0,6.0,1.0,1.0,168.0,163.0,0.0,0.0,0.0,0.0,1.0,0.0,2.0,0.0,0.0,0.0,0.0,1.0,0.0,1.0,0.0,0.0,0.0,0.0,0.0,0.0,0.0,46.295,44.742,13.0,122.0,1.0,0.0,1.0,0.0,6.0,0.0,5.0,25.0,25.0,2.0,2.0,4,4,4.025919081054546,3.5496211065234258,0.47629797453112044
966,0.0,1304.0,3.0,3.0,15315.0,5.0,13.0,332.0,2.0,2.0,6.0,6.0,1.0,1.0,169.0,163.0,0.0,0.0,0.0,0.0,1.0,0.0,2.0,0.0,0.0,0.0,0.0,0.0,1.0,0.0,0.0,0.0,0.0,0.0,0.0,0.0,0.0,24.284,48.393,7.0,127.0,4.0,1.0,0.0,0.0,7.0,0.0,5.0,25.0,25.0,2.0,2.0,4,4,4.055792926729407,3.978727434499267,0.07706549223014036
967,1.0,1304.0,3.0,3.0,15420.0,5.0,13.0,333.0,2.0,2.0,6.0,6.0,2.0,2.0,169.0,164.0,0.0,0.0,0.0,0.0,0.0,0.0,0.0,0.0,0.0,0.0,0.0,0.0,0.0,0.0,0.0,0.0,0.0,0.0,0.0,0.0,0.0,24.384,21.663,7.0,97.0,2.0,0.0,0.0,0.0,8.0,0.0,5.0,25.0,25.0,2.0,2.0,4,4,4.062811488161664,4.2277725672137265,-0.1649610790520626
968,1.0,1304.0,3.0,3.0,15472.0,5.0,13.0,334.0,2.0,2.0,6.0,6.0,2.0,1.0,169.0,165.0,0.0,0.0,0.0,0.0,0.0,1.0,1.0,0.0,0.0,0.0,0.0,0.0,1.0,0.0,1.0,0.0,0.0,0.0,0.0,0.0,0.0,19.726,17.565,5.0,129.0,4.0,0.0,0.0,0.0,8.0,0.0,6.0,25.0,25.0,2.0,2.0,4,4,4.034358532512316,4.233190091316641,-0.1988315588043248
969,1.0,1304.0,3.0,3.0,15509.0,5.0,13.0,335.0,2.0,2.0,6.0,6.0,1.0,2.0,169.0,166.0,0.0,0.0,0.0,0.0,0.0,0.0,0.0,0.0,0.0,1.0,0.0,0.0,0.0,0.0,0.0,0.0,0.0,0.0,0.0,0.0,0.0,12.85,18.14,2.0,87.0,4.0,0.0,0.0,0.0,8.0,0.0,7.0,25.0,25.0,2.0,2.0,4,4,3.9699698108483203,4.024823324734738,-0.054853513886417904
970,1.0,1304.0,3.0,3.0,15552.0,5.0,13.0,336.0,2.0,2.0,6.0,6.0,1.0,1.0,169.0,167.0,0.0,0.0,0.0,0.0,0.0,1.0,1.0,0.0,0.0,0.0,0.0,0.0,0.0,0.0,0.0,0.0,0.0,0.0,0.0,0.0,0.0,0.0,0.0,2.0,0.0,5.0,2.0,2.0,0.0,8.0,0.0,8.0,25.0,25.0,2.0,2.0,4,4,3.9150436539920683,3.8086097686368516,0.1064338853552167
971,1.0,1304.0,3.0,3.0,15596.0,5.0,13.0,337.0,2.0,2.0,6.0,6.0,2.0,2.0,169.0,168.0,2.0,2.0,0.0,0.0,0.0,0.0,0.0,0.0,0.0,1.0,0.0,0.0,0.0,0.0,0.0,0.0,0.0,0.0,0.0,0.0,0.0,24.841,19.918,5.0,97.0,3.0,1.0,0.0,0.0,8.0,0.0,9.0,25.0,26.0,2.0,3.0,4,4,4.044918618056315,4.05533832750768,-0.010419709451365833
