index,point_victor,match_id,player1,player2,elapsed_time,set_no,game_no,point_no,p1_sets,p2_sets,p1_games,p2_games,server,serve_no,p1_points_won,p2_points_won,game_victor,set_victor,p1_ace,p2_ace,p1_winner,p2_winner,winner_shot_type,p1_double_fault,p2_double_fault,p1_unf_err,p2_unf_err,p1_net_pt,p2_net_pt,p1_net_pt_won,p2_net_pt_won,p1_break_pt,p2_break_pt,p1_break_pt_won,p2_break_pt_won,p1_break_pt_missed,p2_break_pt_missed,p1_distance_run,p2_distance_run,rally_count,speed_mph,serve_width,serve_depth,return_depth,p1_score_normal,p1_score_tiebreak,p2_score_normal,p2_score_tiebreak,p1_game_victor,p2_game_victor,p1_set_victor,p2_set_victor,p1_momentum,p2_momentum
635,0.0,1304.0,3.0,3.0,0.0,1.0,1.0,1.0,0.0,0.0,0.0,0.0,1.0,2.0,1.0,0.0,0.0,0.0,0.0,0.0,0.0,0.0,0.0,0.0,0.0,0.0,1.0,0.0,0.0,0.0,0.0,0.0,0.0,0.0,0.0,0.0,0.0,4.121,4.011,1.0,86.0,1.0,0.0,1.0,0.0,0.0,0.0,0.0,0.0,0.0,0.0,0.0,4,3
636,0.0,1304.0,3.0,3.0,41.0,1.0,1.0,2.0,0.0,0.0,0.0,0.0,1.0,2.0,2.0,0.0,0.0,0.0,0.0,0.0,0.0,0.0,0.0,0.0,0.0,0.0,1.0,0.0,0.0,0.0,0.0,0.0,0.0,0.0,0.0,0.0,0.0,4.312,3.877,1.0,92.0,1.0,0.0,1.0,1.0,0.0,0.0,0.0,0.0,0.0,0.0,0.0,3,3
637,0.0,1304.0,3.0,3.0,69.0,1.0,1.0,3.0,0.0,0.0,0.0,0.0,1.0,1.0,3.0,0.0,0.0,0.0,0.0,0.0,0.0,0.0,0.0,0.0,0.0,0.0,0.0,0.0,0.0,0.0,0.0,0.0,0.0,0.0,0.0,0.0,0.0,10.046,8.669,1.0,102.0,3.0,1.0,0.0,2.0,0.0,0.0,0.0,0.0,0.0,0.0,0.0,3,3
638,0.0,1304.0,3.0,3.0,89.0,1.0,1.0,4.0,0.0,0.0,0.0,0.0,1.0,1.0,4.0,0.0,1.0,0.0,0.0,0.0,0.0,0.0,0.0,0.0,0.0,0.0,0.0,0.0,0.0,0.0,0.0,0.0,0.0,0.0,0.0,0.0,0.0,6.162,6.163,1.0,120.0,2.0,1.0,0.0,3.0,0.0,0.0,0.0,1.0,0.0,0.0,0.0,3,3
639,1.0,1304.0,3.0,3.0,162.0,1.0,2.0,5.0,0.0,0.0,1.0,0.0,2.0,2.0,4.0,1.0,0.0,0.0,0.0,0.0,0.0,0.0,0.0,0.0,0.0,0.0,0.0,0.0,0.0,0.0,0.0,0.0,0.0,0.0,0.0,0.0,0.0,3.342,2.573,1.0,112.0,2.0,0.0,2.0,0.0,0.0,0.0,0.0,1.0,0.0,0.0,0.0,3,3
640,1.0,1304.0,3.0,3.0,190.0,1.0,2.0,6.0,0.0,0.0,1.0,0.0,2.0,1.0,4.0,2.0,0.0,0.0,0.0,0.0,0.0,0.0,0.0,0.0,0.0,0.0,0.0,0.0,0.0,0.0,0.0,0.0,0.0,0.0,0.0,0.0,0.0,11.974,7.806,3.0,123.0,4.0,0.0,0.0,0.0,0.0,1.0,0.0,1.0,0.0,0.0,0.0,3,3
641,1.0,1304.0,3.0,3.0,229.0,1.0,2.0,7.0,0.0,0.0,1.0,0.0,2.0,1.0,4.0,3.0,0.0,0.0,0.0,0.0,0.0,0.0,0.0,0.0,0.0,1.0,0.0,0.0,0.0,0.0,0.0,0.0,0.0,0.0,0.0,0.0,0.0,16.246,13.794,3.0,123.0,3.0,1.0,1.0,0.0,0.0,2.0,0.0,1.0,0.0,0.0,0.0,3,3
642,1.0,1304.0,3.0,3.0,253.0,1.0,2.0,8.0,0.0,0.0,1.0,0.0,2.0,2.0,4.0,4.0,2.0,0.0,0.0,0.0,0.0,0.0,0.0,0.0,0.0,1.0,0.0,0.0,0.0,0.0,0.0,0.0,0.0,0.0,0.0,0.0,0.0,13.828,12.621,3.0,104.0,3.0,0.0,0.0,0.0,0.0,3.0,0.0,1.0,1.0,0.0,0.0,3,3
643,0.0,1304.0,3.0,3.0,297.0,1.0,3.0,9.0,0.0,0.0,1.0,1.0,1.0,2.0,5.0,4.0,0.0,0.0,0.0,0.0,0.0,0.0,0.0,0.0,0.0,0.0,0.0,0.0,0.0,0.0,0.0,0.0,0.0,0.0,0.0,0.0,0.0,6.138,6.177,1.0,100.0,0.0,0.0,1.0,0.0,0.0,0.0,0.0,1.0,1.0,0.0,0.0,3,3
644,0.0,1304.0,3.0,3.0,329.0,1.0,3.0,10.0,0.0,0.0,1.0,1.0,1.0,1.0,6.0,4.0,0.0,0.0,0.0,0.0,0.0,0.0,0.0,0.0,0.0,0.0,0.0,0.0,0.0,0.0,0.0,0.0,0.0,0.0,0.0,0.0,0.0,2.927,4.275,1.0,114.0,4.0,0.0,0.0,1.0,0.0,0.0,0.0,1.0,1.0,0.0,0.0,3,3
645,0.0,1304.0,3.0,3.0,359.0,1.0,3.0,11.0,0.0,0.0,1.0,1.0,1.0,2.0,7.0,4.0,0.0,0.0,0.0,0.0,0.0,0.0,0.0,0.0,0.0,0.0,1.0,0.0,0.0,0.0,0.0,0.0,0.0,0.0,0.0,0.0,0.0,9.757,9.224,3.0,95.0,0.0,0.0,1.0,2.0,0.0,0.0,0.0,1.0,1.0,0.0,0.0,3,3
646,0.0,1304.0,3.0,3.0,390.0,1.0,3.0,12.0,0.0,0.0,1.0,1.0,1.0,1.0,8.0,4.0,1.0,0.0,0.0,0.0,0.0,0.0,0.0,0.0,0.0,0.0,0.0,1.0,0.0,1.0,0.0,0.0,0.0,0.0,0.0,0.0,0.0,25.291,24.933,7.0,117.0,3.0,0.0,1.0,3.0,0.0,0.0,0.0,2.0,1.0,0.0,0.0,3,3
647,0.0,1304.0,3.0,3.0,504.0,1.0,4.0,13.0,0.0,0.0,2.0,1.0,2.0,2.0,9.0,4.0,0.0,0.0,0.0,0.0,0.0,0.0,0.0,0.0,0.0,0.0,0.0,0.0,0.0,0.0,0.0,0.0,0.0,0.0,0.0,0.0,0.0,9.402,7.535,2.0,108.0,2.0,0.0,1.0,0.0,0.0,0.0,0.0,2.0,1.0,0.0,0.0,3,3
648,0.0,1304.0,3.0,3.0,533.0,1.0,4.0,14.0,0.0,0.0,2.0,1.0,2.0,2.0,10.0,4.0,0.0,0.0,0.0,0.0,0.0,0.0,0.0,0.0,1.0,0.0,1.0,0.0,0.0,0.0,0.0,0.0,0.0,0.0,0.0,0.0,0.0,0.94,1.038,0.0,0.0,4.0,0.0,2.0,1.0,0.0,0.0,0.0,2.0,1.0,0.0,0.0,3,3
649,1.0,1304.0,3.0,3.0,571.0,1.0,4.0,15.0,0.0,0.0,2.0,1.0,2.0,1.0,10.0,5.0,0.0,0.0,0.0,0.0,0.0,0.0,0.0,0.0,0.0,1.0,0.0,0.0,0.0,0.0,0.0,0.0,0.0,0.0,0.0,0.0,0.0,18.78,18.968,5.0,128.0,0.0,0.0,1.0,2.0,0.0,0.0,0.0,2.0,1.0,0.0,0.0,3,3
650,1.0,1304.0,3.0,3.0,603.0,1.0,4.0,16.0,0.0,0.0,2.0,1.0,2.0,1.0,10.0,6.0,0.0,0.0,0.0,0.0,0.0,0.0,0.0,0.0,0.0,0.0,0.0,0.0,0.0,0.0,0.0,0.0,0.0,0.0,0.0,0.0,0.0,10.898,9.751,1.0,122.0,3.0,1.0,1.0,2.0,0.0,1.0,0.0,2.0,1.0,0.0,0.0,3,3
651,0.0,1304.0,3.0,3.0,625.0,1.0,4.0,17.0,0.0,0.0,2.0,1.0,2.0,2.0,11.0,6.0,0.0,0.0,0.0,0.0,0.0,0.0,0.0,0.0,0.0,0.0,1.0,0.0,1.0,0.0,0.0,0.0,0.0,0.0,0.0,0.0,0.0,22.463,17.925,6.0,112.0,3.0,1.0,0.0,2.0,0.0,2.0,0.0,2.0,1.0,0.0,0.0,3,3
652,1.0,1304.0,3.0,3.0,675.0,1.0,4.0,18.0,0.0,0.0,2.0,1.0,2.0,1.0,11.0,7.0,0.0,0.0,0.0,0.0,0.0,0.0,0.0,0.0,0.0,1.0,0.0,0.0,0.0,0.0,0.0,1.0,0.0,0.0,0.0,1.0,0.0,38.64,43.183,11.0,127.0,4.0,0.0,1.0,3.0,0.0,2.0,0.0,2.0,1.0,0.0,0.0,3,3
653,1.0,1304.0,3.0,3.0,723.0,1.0,4.0,19.0,0.0,0.0,2.0,1.0,2.0,1.0,11.0,8.0,0.0,0.0,0.0,0.0,0.0,0.0,0.0,0.0,0.0,0.0,0.0,0.0,0.0,0.0,0.0,0.0,0.0,0.0,0.0,0.0,0.0,6.104,5.347,1.0,125.0,2.0,0.0,1.0,3.0,0.0,3.0,0.0,2.0,1.0,0.0,0.0,3,3
654,0.0,1304.0,3.0,3.0,750.0,1.0,4.0,20.0,0.0,0.0,2.0,1.0,2.0,2.0,12.0,8.0,0.0,0.0,0.0,0.0,1.0,0.0,2.0,0.0,0.0,0.0,0.0,0.0,1.0,0.0,0.0,0.0,0.0,0.0,0.0,0.0,0.0,15.568,16.514,4.0,121.0,0.0,0.0,0.0,3.0,0.0,4.0,0.0,2.0,1.0,0.0,0.0,3,3
655,1.0,1304.0,3.0,3.0,811.0,1.0,4.0,21.0,0.0,0.0,2.0,1.0,2.0,1.0,12.0,9.0,0.0,0.0,0.0,1.0,0.0,1.0,0.0,0.0,0.0,0.0,0.0,0.0,0.0,0.0,0.0,0.0,0.0,0.0,0.0,0.0,0.0,1.066,0.943,1.0,126.0,4.0,0.0,2.0,3.0,0.0,3.0,0.0,2.0,1.0,0.0,0.0,3,3
656,1.0,1304.0,3.0,3.0,832.0,1.0,4.0,22.0,0.0,0.0,2.0,1.0,2.0,2.0,12.0,10.0,2.0,0.0,0.0,0.0,0.0,0.0,0.0,0.0,0.0,1.0,0.0,0.0,0.0,0.0,0.0,0.0,0.0,0.0,0.0,0.0,0.0,15.193,15.082,5.0,101.0,3.0,0.0,0.0,3.0,0.0,4.0,0.0,2.0,2.0,0.0,0.0,3,3
657,0.0,1304.0,3.0,3.0,881.0,1.0,5.0,23.0,0.0,0.0,2.0,2.0,1.0,1.0,13.0,10.0,0.0,0.0,0.0,0.0,0.0,0.0,0.0,0.0,0.0,0.0,0.0,0.0,0.0,0.0,0.0,0.0,0.0,0.0,0.0,0.0,0.0,3.327,4.714,1.0,97.0,3.0,0.0,1.0,0.0,0.0,0.0,0.0,2.0,2.0,0.0,0.0,3,3
658,0.0,1304.0,3.0,3.0,900.0,1.0,5.0,24.0,0.0,0.0,2.0,2.0,1.0,1.0,14.0,10.0,0.0,0.0,0.0,0.0,0.0,0.0,0.0,0.0,0.0,0.0,0.0,0.0,0.0,0.0,0.0,0.0,0.0,0.0,0.0,0.0,0.0,7.137,7.568,1.0,104.0,4.0,1.0,1.0,1.0,0.0,0.0,0.0,2.0,2.0,0.0,0.0,3,3
659,0.0,1304.0,3.0,3.0,917.0,1.0,5.0,25.0,0.0,0.0,2.0,2.0,1.0,1.0,15.0,10.0,0.0,0.0,0.0,0.0,0.0,0.0,0.0,0.0,0.0,0.0,1.0,0.0,0.0,0.0,0.0,0.0,0.0,0.0,0.0,0.0,0.0,21.913,25.23,7.0,130.0,0.0,1.0,0.0,2.0,0.0,0.0,0.0,2.0,2.0,0.0,0.0,3,3
660,0.0,1304.0,3.0,3.0,947.0,1.0,5.0,26.0,0.0,0.0,2.0,2.0,1.0,1.0,16.0,10.0,1.0,0.0,0.0,0.0,0.0,0.0,0.0,0.0,0.0,0.0,0.0,1.0,0.0,1.0,0.0,0.0,0.0,0.0,0.0,0.0,0.0,6.802,8.942,3.0,114.0,4.0,0.0,0.0,3.0,0.0,0.0,0.0,3.0,2.0,0.0,0.0,3,3
661,0.0,1304.0,3.0,3.0,1048.0,1.0,6.0,27.0,0.0,0.0,3.0,2.0,2.0,1.0,17.0,10.0,0.0,0.0,0.0,0.0,1.0,0.0,1.0,0.0,0.0,0.0,0.0,0.0,0.0,0.0,0.0,0.0,0.0,0.0,0.0,0.0,0.0,6.825,4.702,2.0,120.0,3.0,0.0,0.0,0.0,0.0,0.0,0.0,3.0,2.0,0.0,0.0,3,3
662,1.0,1304.0,3.0,3.0,1065.0,1.0,6.0,28.0,0.0,0.0,3.0,2.0,2.0,1.0,17.0,11.0,0.0,0.0,0.0,0.0,0.0,0.0,0.0,0.0,0.0,0.0,0.0,0.0,0.0,0.0,0.0,0.0,0.0,0.0,0.0,0.0,0.0,7.05,4.681,1.0,124.0,4.0,0.0,1.0,1.0,0.0,0.0,0.0,3.0,2.0,0.0,0.0,3,3
663,0.0,1304.0,3.0,3.0,1082.0,1.0,6.0,29.0,0.0,0.0,3.0,2.0,2.0,1.0,18.0,11.0,0.0,0.0,0.0,0.0,0.0,0.0,0.0,0.0,0.0,0.0,1.0,0.0,1.0,0.0,0.0,0.0,0.0,0.0,0.0,0.0,0.0,2.535,1.641,2.0,127.0,4.0,0.0,2.0,1.0,0.0,1.0,0.0,3.0,2.0,0.0,0.0,3,3
664,0.0,1304.0,3.0,3.0,1123.0,1.0,6.0,30.0,0.0,0.0,3.0,2.0,2.0,2.0,19.0,11.0,0.0,0.0,0.0,0.0,0.0,0.0,0.0,0.0,0.0,0.0,0.0,0.0,1.0,0.0,0.0,0.0,0.0,0.0,0.0,0.0,0.0,18.615,17.285,4.0,96.0,0.0,0.0,0.0,2.0,0.0,1.0,0.0,3.0,2.0,0.0,0.0,3,3
665,1.0,1304.0,3.0,3.0,1185.0,1.0,6.0,31.0,0.0,0.0,3.0,2.0,2.0,1.0,19.0,12.0,0.0,0.0,0.0,0.0,0.0,1.0,1.0,0.0,0.0,0.0,0.0,0.0,1.0,0.0,1.0,1.0,0.0,0.0,0.0,1.0,0.0,21.853,13.534,5.0,111.0,3.0,1.0,0.0,3.0,0.0,1.0,0.0,3.0,2.0,0.0,0.0,3,3
666,1.0,1304.0,3.0,3.0,1219.0,1.0,6.0,32.0,0.0,0.0,3.0,2.0,2.0,2.0,19.0,13.0,0.0,0.0,0.0,0.0,0.0,1.0,1.0,0.0,0.0,0.0,0.0,0.0,1.0,0.0,1.0,1.0,0.0,0.0,0.0,1.0,0.0,18.443,21.823,5.0,89.0,3.0,1.0,1.0,3.0,0.0,2.0,0.0,3.0,2.0,0.0,0.0,3,3
667,1.0,1304.0,3.0,3.0,1271.0,1.0,6.0,33.0,0.0,0.0,3.0,2.0,2.0,1.0,19.0,14.0,0.0,0.0,0.0,0.0,0.0,0.0,0.0,0.0,0.0,0.0,0.0,0.0,0.0,0.0,0.0,0.0,0.0,0.0,0.0,0.0,0.0,4.217,2.317,1.0,132.0,4.0,0.0,0.0,3.0,0.0,3.0,0.0,3.0,2.0,0.0,0.0,3,3
668,0.0,1304.0,3.0,3.0,1292.0,1.0,6.0,34.0,0.0,0.0,3.0,2.0,2.0,2.0,20.0,14.0,0.0,0.0,0.0,0.0,0.0,0.0,0.0,0.0,1.0,0.0,1.0,0.0,0.0,0.0,0.0,0.0,0.0,0.0,0.0,0.0,0.0,7.924,6.05,0.0,0.0,2.0,1.0,0.0,3.0,0.0,4.0,0.0,3.0,2.0,0.0,0.0,3,3
669,1.0,1304.0,3.0,3.0,1332.0,1.0,6.0,35.0,0.0,0.0,3.0,2.0,2.0,1.0,20.0,15.0,0.0,0.0,0.0,0.0,0.0,1.0,2.0,0.0,0.0,0.0,0.0,0.0,0.0,0.0,0.0,0.0,0.0,0.0,0.0,0.0,0.0,16.044,11.819,3.0,118.0,3.0,0.0,0.0,3.0,0.0,3.0,0.0,3.0,2.0,0.0,0.0,3,3
670,1.0,1304.0,3.0,3.0,1360.0,1.0,6.0,36.0,0.0,0.0,3.0,2.0,2.0,1.0,20.0,16.0,2.0,0.0,0.0,0.0,0.0,1.0,1.0,0.0,0.0,0.0,0.0,0.0,0.0,0.0,0.0,0.0,0.0,0.0,0.0,0.0,0.0,8.31,7.44,3.0,121.0,4.0,0.0,0.0,3.0,0.0,4.0,0.0,3.0,3.0,0.0,0.0,3,3
671,0.0,1304.0,3.0,3.0,1396.0,1.0,7.0,37.0,0.0,0.0,3.0,3.0,1.0,1.0,21.0,16.0,0.0,0.0,0.0,0.0,0.0,0.0,0.0,0.0,0.0,0.0,0.0,0.0,0.0,0.0,0.0,0.0,0.0,0.0,0.0,0.0,0.0,9.239,9.474,1.0,102.0,3.0,1.0,0.0,0.0,0.0,0.0,0.0,3.0,3.0,0.0,0.0,3,3
672,1.0,1304.0,3.0,3.0,1417.0,1.0,7.0,38.0,0.0,0.0,3.0,3.0,1.0,1.0,21.0,17.0,0.0,0.0,0.0,0.0,0.0,1.0,1.0,0.0,0.0,0.0,0.0,0.0,1.0,0.0,1.0,0.0,0.0,0.0,0.0,0.0,0.0,9.381,11.904,4.0,111.0,2.0,0.0,0.0,1.0,0.0,0.0,0.0,3.0,3.0,0.0,0.0,3,3
673,0.0,1304.0,3.0,3.0,1441.0,1.0,7.0,39.0,0.0,0.0,3.0,3.0,1.0,1.0,22.0,17.0,0.0,0.0,1.0,0.0,1.0,0.0,0.0,0.0,0.0,0.0,0.0,0.0,0.0,0.0,0.0,0.0,0.0,0.0,0.0,0.0,0.0,1.32,1.106,1.0,120.0,3.0,1.0,2.0,1.0,0.0,1.0,0.0,3.0,3.0,0.0,0.0,3,3
674,1.0,1304.0,3.0,3.0,1458.0,1.0,7.0,40.0,0.0,0.0,3.0,3.0,1.0,1.0,22.0,18.0,0.0,0.0,0.0,0.0,0.0,0.0,0.0,0.0,0.0,1.0,0.0,0.0,0.0,0.0,0.0,0.0,0.0,0.0,0.0,0.0,0.0,13.15,12.207,4.0,121.0,1.0,0.0,0.0,2.0,0.0,1.0,0.0,3.0,3.0,0.0,0.0,3,3
675,0.0,1304.0,3.0,3.0,1482.0,1.0,7.0,41.0,0.0,0.0,3.0,3.0,1.0,1.0,23.0,18.0,0.0,0.0,0.0,0.0,0.0,0.0,0.0,0.0,0.0,0.0,0.0,1.0,0.0,1.0,0.0,0.0,0.0,0.0,0.0,0.0,0.0,8.032,5.627,1.0,107.0,3.0,1.0,0.0,2.0,0.0,2.0,0.0,3.0,3.0,0.0,0.0,3,3
676,1.0,1304.0,3.0,3.0,1505.0,1.0,7.0,42.0,0.0,0.0,3.0,3.0,1.0,2.0,23.0,19.0,0.0,0.0,0.0,0.0,0.0,0.0,0.0,0.0,0.0,0.0,0.0,0.0,1.0,0.0,1.0,0.0,0.0,0.0,0.0,0.0,0.0,16.54,16.191,4.0,79.0,1.0,0.0,1.0,3.0,0.0,2.0,0.0,3.0,3.0,0.0,0.0,3,3
677,1.0,1304.0,3.0,3.0,1546.0,1.0,7.0,43.0,0.0,0.0,3.0,3.0,1.0,1.0,23.0,20.0,0.0,0.0,0.0,0.0,0.0,0.0,0.0,0.0,0.0,1.0,0.0,0.0,0.0,0.0,0.0,0.0,0.0,0.0,0.0,0.0,0.0,7.662,11.092,2.0,101.0,3.0,1.0,0.0,3.0,0.0,3.0,0.0,3.0,3.0,0.0,0.0,3,3
678,1.0,1304.0,3.0,3.0,1569.0,1.0,7.0,44.0,0.0,0.0,3.0,3.0,1.0,2.0,23.0,21.0,2.0,0.0,0.0,0.0,0.0,0.0,0.0,0.0,0.0,1.0,0.0,1.0,0.0,0.0,0.0,0.0,1.0,0.0,1.0,0.0,0.0,34.949,32.707,8.0,86.0,1.0,0.0,0.0,3.0,0.0,4.0,0.0,3.0,4.0,0.0,0.0,4,3
679,0.0,1304.0,3.0,3.0,1692.0,1.0,8.0,45.0,0.0,0.0,3.0,4.0,2.0,2.0,24.0,21.0,0.0,0.0,0.0,0.0,0.0,0.0,0.0,0.0,0.0,0.0,1.0,0.0,0.0,0.0,0.0,0.0,0.0,0.0,0.0,0.0,0.0,6.688,5.476,2.0,112.0,3.0,1.0,1.0,0.0,0.0,0.0,0.0,3.0,4.0,0.0,0.0,4,3
680,1.0,1304.0,3.0,3.0,1727.0,1.0,8.0,46.0,0.0,0.0,3.0,4.0,2.0,1.0,24.0,22.0,0.0,0.0,0.0,0.0,0.0,1.0,1.0,0.0,0.0,0.0,0.0,0.0,0.0,0.0,0.0,0.0,0.0,0.0,0.0,0.0,0.0,9.21,6.282,3.0,121.0,4.0,0.0,0.0,1.0,0.0,0.0,0.0,3.0,4.0,0.0,0.0,4,3
681,0.0,1304.0,3.0,3.0,1753.0,1.0,8.0,47.0,0.0,0.0,3.0,4.0,2.0,2.0,25.0,22.0,0.0,0.0,0.0,0.0,0.0,0.0,0.0,0.0,0.0,0.0,1.0,0.0,0.0,0.0,0.0,0.0,0.0,0.0,0.0,0.0,0.0,7.279,6.223,2.0,117.0,1.0,0.0,0.0,1.0,0.0,1.0,0.0,3.0,4.0,0.0,0.0,4,3
682,1.0,1304.0,3.0,3.0,1789.0,1.0,8.0,48.0,0.0,0.0,3.0,4.0,2.0,1.0,25.0,23.0,0.0,0.0,0.0,0.0,0.0,1.0,1.0,0.0,0.0,0.0,0.0,0.0,1.0,0.0,1.0,0.0,0.0,0.0,0.0,0.0,0.0,28.009,22.35,5.0,122.0,4.0,0.0,0.0,2.0,0.0,1.0,0.0,3.0,4.0,0.0,0.0,4,3
683,1.0,1304.0,3.0,3.0,1826.0,1.0,8.0,49.0,0.0,0.0,3.0,4.0,2.0,1.0,25.0,24.0,0.0,0.0,0.0,0.0,0.0,1.0,1.0,0.0,0.0,0.0,0.0,0.0,1.0,0.0,1.0,0.0,0.0,0.0,0.0,0.0,0.0,24.155,15.546,5.0,121.0,3.0,1.0,0.0,2.0,0.0,2.0,0.0,3.0,4.0,0.0,0.0,4,3
684,0.0,1304.0,3.0,3.0,1856.0,1.0,8.0,50.0,0.0,0.0,3.0,4.0,2.0,1.0,26.0,24.0,0.0,0.0,0.0,0.0,0.0,0.0,0.0,0.0,0.0,0.0,1.0,0.0,1.0,0.0,0.0,0.0,0.0,0.0,0.0,0.0,0.0,7.556,11.411,2.0,114.0,3.0,1.0,0.0,2.0,0.0,3.0,0.0,3.0,4.0,0.0,0.0,4,3
685,1.0,1304.0,3.0,3.0,1897.0,1.0,8.0,51.0,0.0,0.0,3.0,4.0,2.0,2.0,26.0,25.0,0.0,0.0,0.0,0.0,0.0,1.0,1.0,0.0,0.0,0.0,0.0,0.0,0.0,0.0,0.0,0.0,0.0,0.0,0.0,0.0,0.0,10.532,8.047,3.0,123.0,4.0,0.0,0.0,3.0,0.0,3.0,0.0,3.0,4.0,0.0,0.0,4,3
686,1.0,1304.0,3.0,3.0,1938.0,1.0,8.0,52.0,0.0,0.0,3.0,4.0,2.0,2.0,26.0,26.0,2.0,0.0,0.0,0.0,0.0,1.0,1.0,0.0,0.0,0.0,0.0,0.0,0.0,0.0,0.0,0.0,0.0,0.0,0.0,0.0,0.0,7.888,7.95,3.0,95.0,2.0,0.0,1.0,3.0,0.0,4.0,0.0,3.0,5.0,0.0,0.0,4,3
687,1.0,1304.0,3.0,3.0,1989.0,1.0,9.0,53.0,0.0,0.0,3.0,5.0,1.0,2.0,26.0,27.0,0.0,0.0,0.0,0.0,0.0,0.0,0.0,0.0,0.0,0.0,0.0,0.0,1.0,0.0,1.0,0.0,0.0,0.0,0.0,0.0,0.0,7.041,11.253,2.0,89.0,0.0,0.0,0.0,0.0,0.0,0.0,0.0,3.0,5.0,0.0,0.0,4,3
688,1.0,1304.0,3.0,3.0,2017.0,1.0,9.0,54.0,0.0,0.0,3.0,5.0,1.0,1.0,26.0,28.0,0.0,0.0,0.0,0.0,0.0,0.0,0.0,0.0,0.0,0.0,0.0,0.0,0.0,0.0,0.0,0.0,0.0,0.0,0.0,0.0,0.0,6.112,6.229,2.0,102.0,0.0,0.0,0.0,0.0,0.0,1.0,0.0,3.0,5.0,0.0,0.0,4,3
689,1.0,1304.0,3.0,3.0,2038.0,1.0,9.0,55.0,0.0,0.0,3.0,5.0,1.0,2.0,26.0,29.0,0.0,0.0,0.0,0.0,0.0,1.0,2.0,0.0,0.0,0.0,0.0,1.0,0.0,0.0,0.0,0.0,0.0,0.0,0.0,0.0,0.0,26.559,27.826,8.0,103.0,2.0,1.0,1.0,0.0,0.0,2.0,0.0,3.0,5.0,0.0,0.0,4,3
690,1.0,1304.0,3.0,3.0,2082.0,1.0,9.0,56.0,0.0,0.0,3.0,5.0,1.0,2.0,26.0,30.0,2.0,2.0,0.0,0.0,0.0,1.0,2.0,0.0,0.0,0.0,0.0,0.0,0.0,0.0,0.0,0.0,1.0,0.0,1.0,0.0,0.0,3.239,4.422,2.0,84.0,2.0,0.0,1.0,0.0,0.0,3.0,0.0,3.0,6.0,0.0,1.0,4,3
691,1.0,1304.0,3.0,3.0,2239.0,2.0,1.0,57.0,0.0,1.0,0.0,0.0,2.0,1.0,26.0,31.0,0.0,0.0,0.0,0.0,0.0,1.0,2.0,0.0,0.0,0.0,0.0,0.0,1.0,0.0,1.0,0.0,0.0,0.0,0.0,0.0,0.0,22.316,19.159,5.0,112.0,3.0,1.0,1.0,0.0,0.0,0.0,0.0,3.0,6.0,0.0,1.0,4,3
692,0.0,1304.0,3.0,3.0,2280.0,2.0,1.0,58.0,0.0,1.0,0.0,0.0,2.0,1.0,27.0,31.0,0.0,0.0,0.0,0.0,0.0,0.0,0.0,0.0,0.0,0.0,0.0,0.0,0.0,0.0,0.0,0.0,0.0,0.0,0.0,0.0,0.0,5.647,4.929,2.0,119.0,4.0,0.0,1.0,0.0,0.0,1.0,0.0,3.0,6.0,0.0,1.0,4,3
693,0.0,1304.0,3.0,3.0,2303.0,2.0,1.0,59.0,0.0,1.0,0.0,0.0,2.0,1.0,28.0,31.0,0.0,0.0,0.0,0.0,0.0,0.0,0.0,0.0,0.0,0.0,1.0,0.0,0.0,0.0,0.0,0.0,0.0,0.0,0.0,0.0,0.0,8.31,6.669,2.0,125.0,4.0,0.0,1.0,1.0,0.0,1.0,0.0,3.0,6.0,0.0,1.0,3,3
694,1.0,1304.0,3.0,3.0,2329.0,2.0,1.0,60.0,0.0,1.0,0.0,0.0,2.0,2.0,28.0,32.0,0.0,0.0,0.0,0.0,0.0,0.0,0.0,0.0,0.0,0.0,0.0,0.0,0.0,0.0,0.0,0.0,0.0,0.0,0.0,0.0,0.0,5.765,3.757,1.0,114.0,4.0,0.0,1.0,2.0,0.0,1.0,0.0,3.0,6.0,0.0,1.0,3,3
695,1.0,1304.0,3.0,3.0,2369.0,2.0,1.0,61.0,0.0,1.0,0.0,0.0,2.0,1.0,28.0,33.0,0.0,0.0,0.0,0.0,0.0,1.0,1.0,0.0,0.0,0.0,0.0,0.0,0.0,0.0,0.0,0.0,0.0,0.0,0.0,0.0,0.0,24.947,28.258,9.0,131.0,4.0,0.0,0.0,2.0,0.0,2.0,0.0,3.0,6.0,0.0,1.0,3,3
696,1.0,1304.0,3.0,3.0,2430.0,2.0,1.0,62.0,0.0,1.0,0.0,0.0,2.0,1.0,28.0,34.0,2.0,0.0,0.0,1.0,0.0,1.0,0.0,0.0,0.0,0.0,0.0,0.0,0.0,0.0,0.0,0.0,0.0,0.0,0.0,0.0,0.0,1.328,0.888,1.0,120.0,3.0,1.0,2.0,2.0,0.0,3.0,0.0,3.0,7.0,0.0,1.0,3,3
697,0.0,1304.0,3.0,3.0,2474.0,2.0,2.0,63.0,0.0,1.0,0.0,1.0,1.0,1.0,29.0,34.0,0.0,0.0,0.0,0.0,0.0,0.0,0.0,0.0,0.0,0.0,1.0,0.0,1.0,0.0,0.0,0.0,0.0,0.0,0.0,0.0,0.0,9.908,23.101,1.0,106.0,4.0,0.0,1.0,0.0,0.0,0.0,0.0,3.0,7.0,0.0,1.0,3,3
698,0.0,1304.0,3.0,3.0,2495.0,2.0,2.0,64.0,0.0,1.0,0.0,1.0,1.0,2.0,30.0,34.0,0.0,0.0,0.0,0.0,1.0,0.0,1.0,0.0,0.0,0.0,0.0,0.0,0.0,0.0,0.0,0.0,0.0,0.0,0.0,0.0,0.0,14.547,13.954,5.0,89.0,1.0,0.0,0.0,1.0,0.0,0.0,0.0,3.0,7.0,0.0,1.0,3,3
699,0.0,1304.0,3.0,3.0,2532.0,2.0,2.0,65.0,0.0,1.0,0.0,1.0,1.0,2.0,31.0,34.0,0.0,0.0,0.0,0.0,0.0,0.0,0.0,0.0,0.0,0.0,0.0,0.0,0.0,0.0,0.0,0.0,0.0,0.0,0.0,0.0,0.0,3.7,5.143,1.0,104.0,3.0,1.0,0.0,2.0,0.0,0.0,0.0,3.0,7.0,0.0,1.0,3,3
700,0.0,1304.0,3.0,3.0,2559.0,2.0,2.0,66.0,0.0,1.0,0.0,1.0,1.0,1.0,32.0,34.0,1.0,0.0,0.0,0.0,0.0,0.0,0.0,0.0,0.0,0.0,0.0,0.0,0.0,0.0,0.0,0.0,0.0,0.0,0.0,0.0,0.0,7.825,5.744,1.0,122.0,0.0,0.0,1.0,3.0,0.0,0.0,0.0,4.0,7.0,0.0,1.0,3,3
701,0.0,1304.0,3.0,3.0,2615.0,2.0,3.0,67.0,0.0,1.0,1.0,1.0,2.0,2.0,33.0,34.0,0.0,0.0,0.0,0.0,0.0,0.0,0.0,0.0,0.0,0.0,1.0,0.0,1.0,0.0,0.0,0.0,0.0,0.0,0.0,0.0,0.0,7.67,7.997,2.0,112.0,1.0,1.0,0.0,0.0,0.0,0.0,0.0,4.0,7.0,0.0,1.0,3,3
702,0.0,1304.0,3.0,3.0,2648.0,2.0,3.0,68.0,0.0,1.0,1.0,1.0,2.0,2.0,34.0,34.0,0.0,0.0,0.0,0.0,1.0,0.0,2.0,0.0,0.0,0.0,0.0,0.0,1.0,0.0,0.0,0.0,0.0,0.0,0.0,0.0,0.0,14.721,17.152,4.0,105.0,2.0,0.0,0.0,1.0,0.0,0.0,0.0,4.0,7.0,0.0,1.0,3,3
703,0.0,1304.0,3.0,3.0,2698.0,2.0,3.0,69.0,0.0,1.0,1.0,1.0,2.0,2.0,35.0,34.0,0.0,0.0,0.0,0.0,0.0,0.0,0.0,0.0,1.0,0.0,1.0,0.0,0.0,0.0,0.0,0.0,0.0,0.0,0.0,0.0,0.0,1.571,1.508,0.0,0.0,3.0,1.0,2.0,2.0,0.0,0.0,0.0,4.0,7.0,0.0,1.0,3,3
704,1.0,1304.0,3.0,3.0,2724.0,2.0,3.0,70.0,0.0,1.0,1.0,1.0,2.0,1.0,35.0,35.0,0.0,0.0,0.0,0.0,0.0,0.0,0.0,0.0,0.0,0.0,0.0,0.0,1.0,0.0,1.0,1.0,0.0,0.0,0.0,1.0,0.0,4.473,6.129,1.0,127.0,1.0,0.0,0.0,3.0,0.0,0.0,0.0,4.0,7.0,0.0,1.0,3,3
705,0.0,1304.0,3.0,3.0,2772.0,2.0,3.0,71.0,0.0,1.0,1.0,1.0,2.0,1.0,36.0,35.0,1.0,0.0,0.0,0.0,0.0,0.0,0.0,0.0,0.0,0.0,1.0,0.0,0.0,0.0,0.0,1.0,0.0,1.0,0.0,0.0,0.0,18.529,17.844,4.0,116.0,3.0,1.0,1.0,3.0,0.0,1.0,0.0,5.0,7.0,0.0,1.0,3,3
706,0.0,1304.0,3.0,3.0,2903.0,2.0,4.0,72.0,0.0,1.0,2.0,1.0,1.0,1.0,37.0,35.0,0.0,0.0,1.0,0.0,1.0,0.0,0.0,0.0,0.0,0.0,0.0,0.0,0.0,0.0,0.0,0.0,0.0,0.0,0.0,0.0,0.0,1.165,1.575,1.0,104.0,3.0,1.0,2.0,0.0,0.0,0.0,0.0,5.0,7.0,0.0,1.0,3,0
707,0.0,1304.0,3.0,3.0,2921.0,2.0,4.0,73.0,0.0,1.0,2.0,1.0,1.0,1.0,38.0,35.0,0.0,0.0,0.0,0.0,0.0,0.0,0.0,0.0,0.0,0.0,0.0,0.0,0.0,0.0,0.0,0.0,0.0,0.0,0.0,0.0,0.0,3.682,3.603,1.0,120.0,2.0,0.0,1.0,1.0,0.0,0.0,0.0,5.0,7.0,0.0,1.0,3,4
708,0.0,1304.0,3.0,3.0,2940.0,2.0,4.0,74.0,0.0,1.0,2.0,1.0,1.0,1.0,39.0,35.0,0.0,0.0,1.0,0.0,1.0,0.0,0.0,0.0,0.0,0.0,0.0,0.0,0.0,0.0,0.0,0.0,0.0,0.0,0.0,0.0,0.0,1.504,0.948,1.0,110.0,2.0,0.0,2.0,2.0,0.0,0.0,0.0,5.0,7.0,0.0,1.0,3,4
709,1.0,1304.0,3.0,3.0,2972.0,2.0,4.0,75.0,0.0,1.0,2.0,1.0,1.0,1.0,39.0,36.0,0.0,0.0,0.0,0.0,0.0,1.0,1.0,0.0,0.0,0.0,0.0,0.0,0.0,0.0,0.0,0.0,0.0,0.0,0.0,0.0,0.0,3.803,4.007,2.0,122.0,4.0,0.0,0.0,3.0,0.0,0.0,0.0,5.0,7.0,0.0,1.0,1,4
710,0.0,1304.0,3.0,3.0,2990.0,2.0,4.0,76.0,0.0,1.0,2.0,1.0,1.0,1.0,40.0,36.0,1.0,0.0,1.0,0.0,1.0,0.0,0.0,0.0,0.0,0.0,0.0,0.0,0.0,0.0,0.0,0.0,0.0,0.0,0.0,0.0,0.0,0.825,1.031,1.0,110.0,3.0,1.0,2.0,3.0,0.0,1.0,0.0,6.0,7.0,0.0,1.0,1,4
711,1.0,1304.0,3.0,3.0,3014.0,2.0,5.0,77.0,0.0,1.0,3.0,1.0,2.0,1.0,40.0,37.0,0.0,0.0,0.0,1.0,0.0,1.0,0.0,0.0,0.0,0.0,0.0,0.0,0.0,0.0,0.0,0.0,0.0,0.0,0.0,0.0,0.0,0.994,0.837,1.0,121.0,4.0,1.0,2.0,0.0,0.0,0.0,0.0,6.0,7.0,0.0,1.0,1,4
712,0.0,1304.0,3.0,3.0,3026.0,2.0,5.0,78.0,0.0,1.0,3.0,1.0,2.0,2.0,41.0,37.0,0.0,0.0,0.0,0.0,0.0,0.0,0.0,0.0,1.0,0.0,1.0,0.0,0.0,0.0,0.0,0.0,0.0,0.0,0.0,0.0,0.0,1.691,1.718,0.0,0.0,4.0,1.0,2.0,0.0,0.0,1.0,0.0,6.0,7.0,0.0,1.0,1,4
713,1.0,1304.0,3.0,3.0,3054.0,2.0,5.0,79.0,0.0,1.0,3.0,1.0,2.0,1.0,41.0,38.0,0.0,0.0,0.0,0.0,0.0,1.0,1.0,0.0,0.0,0.0,0.0,1.0,0.0,0.0,0.0,0.0,0.0,0.0,0.0,0.0,0.0,26.331,25.868,7.0,125.0,1.0,0.0,0.0,1.0,0.0,1.0,0.0,6.0,7.0,0.0,1.0,1,2
714,1.0,1304.0,3.0,3.0,3104.0,2.0,5.0,80.0,0.0,1.0,3.0,1.0,2.0,1.0,41.0,39.0,0.0,0.0,0.0,0.0,0.0,0.0,0.0,0.0,0.0,0.0,0.0,0.0,0.0,0.0,0.0,0.0,0.0,0.0,0.0,0.0,0.0,7.61,5.101,1.0,119.0,3.0,1.0,1.0,1.0,0.0,2.0,0.0,6.0,7.0,0.0,1.0,1,1
715,1.0,1304.0,3.0,3.0,3121.0,2.0,5.0,81.0,0.0,1.0,3.0,1.0,2.0,1.0,41.0,40.0,2.0,0.0,0.0,0.0,0.0,0.0,0.0,0.0,0.0,0.0,0.0,0.0,1.0,0.0,1.0,0.0,0.0,0.0,0.0,0.0,0.0,2.424,2.256,1.0,110.0,3.0,1.0,2.0,1.0,0.0,3.0,0.0,6.0,8.0,0.0,1.0,1,2
716,1.0,1304.0,3.0,3.0,3216.0,2.0,6.0,82.0,0.0,1.0,3.0,2.0,1.0,2.0,41.0,41.0,0.0,0.0,0.0,0.0,0.0,0.0,0.0,0.0,0.0,0.0,0.0,0.0,0.0,0.0,0.0,0.0,0.0,0.0,0.0,0.0,0.0,4.154,5.99,2.0,98.0,2.0,0.0,1.0,0.0,0.0,0.0,0.0,6.0,8.0,0.0,1.0,1,1
717,1.0,1304.0,3.0,3.0,3243.0,2.0,6.0,83.0,0.0,1.0,3.0,2.0,1.0,1.0,41.0,42.0,0.0,0.0,0.0,0.0,0.0,0.0,0.0,0.0,0.0,1.0,0.0,0.0,0.0,0.0,0.0,0.0,0.0,0.0,0.0,0.0,0.0,12.593,16.381,4.0,100.0,2.0,0.0,0.0,0.0,0.0,1.0,0.0,6.0,8.0,0.0,1.0,0,2
718,1.0,1304.0,3.0,3.0,3268.0,2.0,6.0,84.0,0.0,1.0,3.0,2.0,1.0,2.0,41.0,43.0,0.0,0.0,0.0,0.0,0.0,0.0,0.0,0.0,0.0,1.0,0.0,0.0,0.0,0.0,0.0,0.0,0.0,0.0,0.0,0.0,0.0,11.404,14.005,2.0,90.0,4.0,0.0,1.0,0.0,0.0,2.0,0.0,6.0,8.0,0.0,1.0,0,1
719,0.0,1304.0,3.0,3.0,3308.0,2.0,6.0,85.0,0.0,1.0,3.0,2.0,1.0,1.0,42.0,43.0,0.0,0.0,0.0,0.0,1.0,0.0,1.0,0.0,0.0,0.0,0.0,0.0,0.0,0.0,0.0,0.0,1.0,0.0,0.0,0.0,1.0,7.89,9.443,3.0,107.0,4.0,0.0,0.0,0.0,0.0,3.0,0.0,6.0,8.0,0.0,1.0,0,2
720,0.0,1304.0,3.0,3.0,3342.0,2.0,6.0,86.0,0.0,1.0,3.0,2.0,1.0,1.0,43.0,43.0,0.0,0.0,0.0,0.0,0.0,0.0,0.0,0.0,0.0,0.0,0.0,0.0,0.0,0.0,0.0,0.0,1.0,0.0,0.0,0.0,1.0,5.492,6.86,1.0,105.0,2.0,0.0,0.0,1.0,0.0,3.0,0.0,6.0,8.0,0.0,1.0,0,4
721,0.0,1304.0,3.0,3.0,3360.0,2.0,6.0,87.0,0.0,1.0,3.0,2.0,1.0,2.0,44.0,43.0,0.0,0.0,0.0,0.0,0.0,0.0,0.0,0.0,0.0,0.0,0.0,0.0,0.0,0.0,0.0,0.0,1.0,0.0,0.0,0.0,1.0,10.714,11.982,3.0,79.0,1.0,0.0,0.0,2.0,0.0,3.0,0.0,6.0,8.0,0.0,1.0,0,0
722,1.0,1304.0,3.0,3.0,3400.0,2.0,6.0,88.0,0.0,1.0,3.0,2.0,1.0,1.0,44.0,44.0,0.0,0.0,0.0,0.0,0.0,0.0,0.0,0.0,0.0,1.0,0.0,0.0,0.0,0.0,0.0,0.0,0.0,0.0,0.0,0.0,0.0,5.875,11.046,2.0,98.0,3.0,0.0,0.0,3.0,0.0,3.0,0.0,6.0,8.0,0.0,1.0,0,0
723,0.0,1304.0,3.0,3.0,3425.0,2.0,6.0,89.0,0.0,1.0,3.0,2.0,1.0,1.0,45.0,44.0,0.0,0.0,0.0,0.0,0.0,0.0,0.0,0.0,0.0,0.0,0.0,1.0,0.0,1.0,0.0,0.0,1.0,0.0,0.0,0.0,1.0,22.151,26.75,5.0,111.0,4.0,1.0,0.0,3.0,0.0,4.0,0.0,6.0,8.0,0.0,1.0,4,0
724,1.0,1304.0,3.0,3.0,3480.0,2.0,6.0,90.0,0.0,1.0,3.0,2.0,1.0,2.0,45.0,45.0,0.0,0.0,0.0,0.0,0.0,0.0,0.0,0.0,0.0,1.0,0.0,0.0,0.0,0.0,0.0,0.0,0.0,0.0,0.0,0.0,0.0,15.336,16.788,4.0,85.0,4.0,0.0,0.0,3.0,0.0,3.0,0.0,6.0,8.0,0.0,1.0,4,0
725,0.0,1304.0,3.0,3.0,3520.0,2.0,6.0,91.0,0.0,1.0,3.0,2.0,1.0,1.0,46.0,45.0,0.0,0.0,0.0,0.0,1.0,0.0,1.0,0.0,0.0,0.0,0.0,1.0,0.0,1.0,0.0,0.0,1.0,0.0,0.0,0.0,1.0,23.922,37.318,7.0,109.0,0.0,0.0,0.0,3.0,0.0,4.0,0.0,6.0,8.0,0.0,1.0,4,0
726,0.0,1304.0,3.0,3.0,3562.0,2.0,6.0,92.0,0.0,1.0,3.0,2.0,1.0,1.0,47.0,45.0,0.0,0.0,0.0,0.0,0.0,0.0,0.0,0.0,0.0,0.0,0.0,0.0,0.0,0.0,0.0,0.0,0.0,0.0,0.0,0.0,0.0,2.435,3.68,1.0,108.0,2.0,0.0,0.0,3.0,0.0,3.0,0.0,6.0,8.0,0.0,1.0,4,0
727,1.0,1304.0,3.0,3.0,3587.0,2.0,6.0,93.0,0.0,1.0,3.0,2.0,1.0,1.0,47.0,46.0,0.0,0.0,0.0,0.0,0.0,0.0,0.0,0.0,0.0,1.0,0.0,1.0,0.0,0.0,0.0,0.0,0.0,0.0,0.0,0.0,0.0,36.492,31.352,10.0,109.0,0.0,1.0,1.0,4.0,0.0,3.0,0.0,6.0,8.0,0.0,1.0,4,0
728,1.0,1304.0,3.0,3.0,3635.0,2.0,6.0,94.0,0.0,1.0,3.0,2.0,1.0,1.0,47.0,47.0,0.0,0.0,0.0,0.0,0.0,0.0,0.0,0.0,0.0,1.0,0.0,0.0,0.0,0.0,0.0,0.0,0.0,0.0,0.0,0.0,0.0,12.349,19.71,4.0,104.0,2.0,0.0,1.0,3.0,0.0,3.0,0.0,6.0,8.0,0.0,1.0,4,0
729,0.0,1304.0,3.0,3.0,3663.0,2.0,6.0,95.0,0.0,1.0,3.0,2.0,1.0,1.0,48.0,47.0,0.0,0.0,0.0,0.0,1.0,0.0,2.0,0.0,0.0,0.0,0.0,1.0,0.0,1.0,0.0,0.0,1.0,0.0,0.0,0.0,1.0,15.893,28.849,5.0,114.0,4.0,1.0,2.0,3.0,0.0,4.0,0.0,6.0,8.0,0.0,1.0,4,0
730,1.0,1304.0,3.0,3.0,3701.0,2.0,6.0,96.0,0.0,1.0,3.0,2.0,1.0,1.0,48.0,48.0,0.0,0.0,0.0,0.0,0.0,1.0,1.0,0.0,0.0,0.0,0.0,1.0,0.0,0.0,0.0,0.0,0.0,0.0,0.0,0.0,0.0,6.942,4.87,2.0,103.0,2.0,0.0,1.0,3.0,0.0,3.0,0.0,6.0,8.0,0.0,1.0,4,0
731,1.0,1304.0,3.0,3.0,3729.0,2.0,6.0,97.0,0.0,1.0,3.0,2.0,1.0,2.0,48.0,49.0,2.0,0.0,0.0,0.0,0.0,0.0,0.0,0.0,0.0,1.0,0.0,0.0,0.0,0.0,0.0,0.0,1.0,0.0,1.0,0.0,0.0,7.327,7.389,2.0,87.0,1.0,0.0,0.0,3.0,0.0,4.0,0.0,6.0,9.0,0.0,1.0,4,0
732,1.0,1304.0,3.0,3.0,3781.0,2.0,7.0,98.0,0.0,1.0,3.0,3.0,2.0,1.0,48.0,50.0,0.0,0.0,0.0,1.0,0.0,1.0,0.0,0.0,0.0,0.0,0.0,0.0,0.0,0.0,0.0,0.0,0.0,0.0,0.0,0.0,0.0,1.03,0.977,1.0,112.0,3.0,1.0,2.0,0.0,0.0,0.0,0.0,6.0,9.0,0.0,1.0,4,0
733,1.0,1304.0,3.0,3.0,3799.0,2.0,7.0,99.0,0.0,1.0,3.0,3.0,2.0,1.0,48.0,51.0,0.0,0.0,0.0,0.0,0.0,0.0,0.0,0.0,0.0,0.0,0.0,0.0,0.0,0.0,0.0,0.0,0.0,0.0,0.0,0.0,0.0,5.809,4.13,1.0,110.0,4.0,0.0,1.0,0.0,0.0,1.0,0.0,6.0,9.0,0.0,1.0,4,0
734,0.0,1304.0,3.0,3.0,3815.0,2.0,7.0,100.0,0.0,1.0,3.0,3.0,2.0,1.0,49.0,51.0,0.0,0.0,0.0,0.0,1.0,0.0,2.0,0.0,0.0,0.0,0.0,0.0,1.0,0.0,0.0,0.0,0.0,0.0,0.0,0.0,0.0,10.308,11.583,4.0,128.0,0.0,0.0,0.0,0.0,0.0,2.0,0.0,6.0,9.0,0.0,1.0,4,0
735,0.0,1304.0,3.0,3.0,3846.0,2.0,7.0,101.0,0.0,1.0,3.0,3.0,2.0,2.0,50.0,51.0,0.0,0.0,0.0,0.0,1.0,0.0,2.0,0.0,0.0,0.0,0.0,0.0,0.0,0.0,0.0,0.0,0.0,0.0,0.0,0.0,0.0,11.336,9.368,4.0,120.0,4.0,0.0,0.0,1.0,0.0,2.0,0.0,6.0,9.0,0.0,1.0,4,0
736,0.0,1304.0,3.0,3.0,3887.0,2.0,7.0,102.0,0.0,1.0,3.0,3.0,2.0,2.0,51.0,51.0,0.0,0.0,0.0,0.0,0.0,0.0,0.0,0.0,1.0,0.0,1.0,0.0,0.0,0.0,0.0,0.0,0.0,0.0,0.0,0.0,0.0,4.717,5.188,0.0,0.0,3.0,1.0,1.0,2.0,0.0,2.0,0.0,6.0,9.0,0.0,1.0,4,0
737,0.0,1304.0,3.0,3.0,3919.0,2.0,7.0,103.0,0.0,1.0,3.0,3.0,2.0,2.0,52.0,51.0,1.0,0.0,0.0,0.0,0.0,0.0,0.0,0.0,0.0,0.0,1.0,0.0,0.0,0.0,0.0,1.0,0.0,1.0,0.0,0.0,0.0,24.962,28.745,8.0,106.0,4.0,0.0,1.0,3.0,0.0,2.0,0.0,7.0,9.0,0.0,1.0,4,0
738,0.0,1304.0,3.0,3.0,4048.0,2.0,8.0,104.0,0.0,1.0,4.0,3.0,1.0,2.0,53.0,51.0,0.0,0.0,0.0,0.0,0.0,0.0,0.0,0.0,0.0,0.0,0.0,0.0,0.0,0.0,0.0,0.0,0.0,0.0,0.0,0.0,0.0,3.122,4.432,1.0,94.0,3.0,1.0,1.0,0.0,0.0,0.0,0.0,7.0,9.0,0.0,1.0,3,0
739,0.0,1304.0,3.0,3.0,4076.0,2.0,8.0,105.0,0.0,1.0,4.0,3.0,1.0,1.0,54.0,51.0,0.0,0.0,0.0,0.0,0.0,0.0,0.0,0.0,0.0,0.0,0.0,0.0,0.0,0.0,0.0,0.0,0.0,0.0,0.0,0.0,0.0,7.52,6.58,1.0,110.0,4.0,0.0,0.0,1.0,0.0,0.0,0.0,7.0,9.0,0.0,1.0,3,0
740,0.0,1304.0,3.0,3.0,4093.0,2.0,8.0,106.0,0.0,1.0,4.0,3.0,1.0,1.0,55.0,51.0,0.0,0.0,0.0,0.0,1.0,0.0,0.0,0.0,0.0,0.0,0.0,0.0,0.0,0.0,0.0,0.0,0.0,0.0,0.0,0.0,0.0,1.118,1.243,1.0,128.0,1.0,0.0,2.0,2.0,0.0,0.0,0.0,7.0,9.0,0.0,1.0,3,0
741,0.0,1304.0,3.0,3.0,4112.0,2.0,8.0,107.0,0.0,1.0,4.0,3.0,1.0,2.0,56.0,51.0,1.0,0.0,0.0,0.0,0.0,0.0,0.0,0.0,0.0,0.0,1.0,0.0,0.0,0.0,0.0,0.0,0.0,0.0,0.0,0.0,0.0,5.071,5.464,1.0,94.0,1.0,0.0,0.0,3.0,0.0,0.0,0.0,8.0,9.0,0.0,1.0,3,0
742,1.0,1304.0,3.0,3.0,4162.0,2.0,9.0,108.0,0.0,1.0,5.0,3.0,2.0,1.0,56.0,52.0,0.0,0.0,0.0,0.0,0.0,0.0,0.0,0.0,0.0,0.0,0.0,0.0,0.0,0.0,0.0,0.0,0.0,0.0,0.0,0.0,0.0,7.154,6.467,1.0,115.0,3.0,1.0,1.0,0.0,0.0,0.0,0.0,8.0,9.0,0.0,1.0,3,4
743,1.0,1304.0,3.0,3.0,4184.0,2.0,9.0,109.0,0.0,1.0,5.0,3.0,2.0,2.0,56.0,53.0,0.0,0.0,0.0,0.0,0.0,0.0,0.0,0.0,0.0,0.0,0.0,0.0,0.0,0.0,0.0,0.0,0.0,0.0,0.0,0.0,0.0,3.66,3.151,1.0,104.0,1.0,0.0,0.0,0.0,0.0,1.0,0.0,8.0,9.0,0.0,1.0,3,4
744,1.0,1304.0,3.0,3.0,4208.0,2.0,9.0,110.0,0.0,1.0,5.0,3.0,2.0,1.0,56.0,54.0,0.0,0.0,0.0,0.0,0.0,0.0,0.0,0.0,0.0,1.0,0.0,0.0,0.0,0.0,0.0,0.0,0.0,0.0,0.0,0.0,0.0,18.193,16.467,5.0,125.0,4.0,0.0,0.0,0.0,0.0,2.0,0.0,8.0,9.0,0.0,1.0,3,4
745,1.0,1304.0,3.0,3.0,4226.0,2.0,9.0,111.0,0.0,1.0,5.0,3.0,2.0,2.0,56.0,55.0,2.0,0.0,0.0,0.0,0.0,0.0,0.0,0.0,0.0,0.0,0.0,0.0,0.0,0.0,0.0,0.0,0.0,0.0,0.0,0.0,0.0,4.227,4.248,1.0,114.0,1.0,0.0,1.0,0.0,0.0,3.0,0.0,8.0,10.0,0.0,1.0,3,4
746,0.0,1304.0,3.0,3.0,4327.0,2.0,10.0,112.0,0.0,1.0,5.0,4.0,1.0,1.0,57.0,55.0,0.0,0.0,0.0,0.0,0.0,0.0,0.0,0.0,0.0,0.0,0.0,0.0,1.0,0.0,0.0,0.0,0.0,0.0,0.0,0.0,0.0,12.122,18.711,5.0,123.0,0.0,1.0,1.0,0.0,0.0,0.0,0.0,8.0,10.0,0.0,1.0,3,4
747,0.0,1304.0,3.0,3.0,4352.0,2.0,10.0,113.0,0.0,1.0,5.0,4.0,1.0,1.0,58.0,55.0,0.0,0.0,0.0,0.0,1.0,0.0,2.0,0.0,0.0,0.0,0.0,0.0,0.0,0.0,0.0,0.0,0.0,0.0,0.0,0.0,0.0,12.816,17.53,5.0,108.0,4.0,1.0,1.0,1.0,0.0,0.0,0.0,8.0,10.0,0.0,1.0,3,4
748,0.0,1304.0,3.0,3.0,4395.0,2.0,10.0,114.0,0.0,1.0,5.0,4.0,1.0,1.0,59.0,55.0,0.0,0.0,0.0,0.0,0.0,0.0,0.0,0.0,0.0,0.0,0.0,0.0,0.0,0.0,0.0,0.0,0.0,0.0,0.0,0.0,0.0,11.976,8.538,1.0,107.0,2.0,0.0,0.0,2.0,0.0,0.0,0.0,8.0,10.0,0.0,1.0,3,4
749,0.0,1304.0,3.0,3.0,4420.0,2.0,10.0,115.0,0.0,1.0,5.0,4.0,1.0,2.0,60.0,55.0,1.0,1.0,0.0,0.0,0.0,0.0,0.0,0.0,0.0,0.0,1.0,0.0,0.0,0.0,0.0,0.0,0.0,0.0,0.0,0.0,0.0,3.972,4.494,1.0,84.0,2.0,0.0,1.0,3.0,0.0,0.0,0.0,9.0,10.0,1.0,1.0,3,4
750,1.0,1304.0,3.0,3.0,4670.0,3.0,1.0,116.0,1.0,1.0,0.0,0.0,2.0,1.0,60.0,56.0,0.0,0.0,0.0,1.0,0.0,1.0,0.0,0.0,0.0,0.0,0.0,0.0,0.0,0.0,0.0,0.0,0.0,0.0,0.0,0.0,0.0,1.389,1.068,1.0,104.0,3.0,1.0,2.0,0.0,0.0,0.0,0.0,9.0,10.0,1.0,1.0,3,4
751,1.0,1304.0,3.0,3.0,4689.0,3.0,1.0,117.0,1.0,1.0,0.0,0.0,2.0,1.0,60.0,57.0,0.0,0.0,0.0,0.0,0.0,0.0,0.0,0.0,0.0,1.0,0.0,0.0,0.0,0.0,0.0,0.0,0.0,0.0,0.0,0.0,0.0,24.361,22.269,7.0,119.0,2.0,0.0,1.0,0.0,0.0,1.0,0.0,9.0,10.0,1.0,1.0,3,4
752,1.0,1304.0,3.0,3.0,4712.0,3.0,1.0,118.0,1.0,1.0,0.0,0.0,2.0,1.0,60.0,58.0,0.0,0.0,0.0,0.0,0.0,0.0,0.0,0.0,0.0,0.0,0.0,0.0,0.0,0.0,0.0,0.0,0.0,0.0,0.0,0.0,0.0,18.737,16.234,3.0,126.0,0.0,0.0,0.0,0.0,0.0,2.0,0.0,9.0,10.0,1.0,1.0,3,4
753,0.0,1304.0,3.0,3.0,4742.0,3.0,1.0,119.0,1.0,1.0,0.0,0.0,2.0,2.0,61.0,58.0,0.0,0.0,0.0,0.0,0.0,0.0,0.0,0.0,1.0,0.0,1.0,0.0,0.0,0.0,0.0,0.0,0.0,0.0,0.0,0.0,0.0,4.682,3.719,0.0,0.0,3.0,1.0,2.0,0.0,0.0,3.0,0.0,9.0,10.0,1.0,1.0,3,4
754,1.0,1304.0,3.0,3.0,4771.0,3.0,1.0,120.0,1.0,1.0,0.0,0.0,2.0,1.0,61.0,59.0,2.0,0.0,0.0,0.0,0.0,0.0,0.0,0.0,0.0,1.0,0.0,0.0,0.0,0.0,0.0,0.0,0.0,0.0,0.0,0.0,0.0,11.661,10.398,3.0,121.0,4.0,0.0,1.0,1.0,0.0,3.0,0.0,9.0,11.0,1.0,1.0,3,4
755,0.0,1304.0,3.0,3.0,4824.0,3.0,2.0,121.0,1.0,1.0,0.0,1.0,1.0,2.0,62.0,59.0,0.0,0.0,0.0,0.0,1.0,0.0,1.0,0.0,0.0,0.0,0.0,0.0,0.0,0.0,0.0,0.0,0.0,0.0,0.0,0.0,0.0,42.242,52.571,11.0,94.0,1.0,0.0,1.0,0.0,0.0,0.0,0.0,9.0,11.0,1.0,1.0,3,4
756,0.0,1304.0,3.0,3.0,6552.0,3.0,2.0,122.0,1.0,1.0,0.0,1.0,1.0,1.0,63.0,59.0,0.0,0.0,0.0,0.0,0.0,0.0,0.0,0.0,0.0,0.0,1.0,0.0,0.0,0.0,0.0,0.0,0.0,0.0,0.0,0.0,0.0,11.802,8.988,3.0,108.0,4.0,0.0,1.0,1.0,0.0,0.0,0.0,9.0,11.0,1.0,1.0,4,4
757,1.0,1304.0,3.0,3.0,6573.0,3.0,2.0,123.0,1.0,1.0,0.0,1.0,1.0,2.0,63.0,60.0,0.0,0.0,0.0,0.0,0.0,0.0,0.0,0.0,0.0,0.0,0.0,0.0,1.0,0.0,1.0,0.0,0.0,0.0,0.0,0.0,0.0,24.581,21.237,6.0,94.0,0.0,0.0,0.0,2.0,0.0,0.0,0.0,9.0,11.0,1.0,1.0,4,4
758,0.0,1304.0,3.0,3.0,6619.0,3.0,2.0,124.0,1.0,1.0,0.0,1.0,1.0,1.0,64.0,60.0,0.0,0.0,0.0,0.0,1.0,0.0,2.0,0.0,0.0,0.0,0.0,1.0,0.0,1.0,0.0,0.0,0.0,0.0,0.0,0.0,0.0,19.587,24.689,5.0,111.0,0.0,0.0,0.0,2.0,0.0,1.0,0.0,9.0,11.0,1.0,1.0,4,4
759,0.0,1304.0,3.0,3.0,6648.0,3.0,2.0,125.0,1.0,1.0,0.0,1.0,1.0,1.0,65.0,60.0,1.0,0.0,0.0,0.0,0.0,0.0,0.0,0.0,0.0,0.0,0.0,0.0,0.0,0.0,0.0,0.0,0.0,0.0,0.0,0.0,0.0,10.954,11.789,1.0,107.0,3.0,1.0,1.0,3.0,0.0,1.0,0.0,10.0,11.0,1.0,1.0,4,4
760,0.0,1304.0,3.0,3.0,6680.0,3.0,3.0,126.0,1.0,1.0,1.0,1.0,2.0,2.0,66.0,60.0,0.0,0.0,0.0,0.0,0.0,0.0,0.0,0.0,0.0,0.0,0.0,0.0,0.0,0.0,0.0,0.0,0.0,0.0,0.0,0.0,0.0,7.05,5.369,2.0,106.0,2.0,0.0,1.0,0.0,0.0,0.0,0.0,10.0,11.0,1.0,1.0,4,4
761,0.0,1304.0,3.0,3.0,6707.0,3.0,3.0,127.0,1.0,1.0,1.0,1.0,2.0,1.0,67.0,60.0,0.0,0.0,0.0,0.0,0.0,0.0,0.0,0.0,0.0,0.0,1.0,0.0,0.0,0.0,0.0,0.0,0.0,0.0,0.0,0.0,0.0,7.719,6.488,2.0,121.0,3.0,1.0,1.0,1.0,0.0,0.0,0.0,10.0,11.0,1.0,1.0,4,4
762,1.0,1304.0,3.0,3.0,6727.0,3.0,3.0,128.0,1.0,1.0,1.0,1.0,2.0,1.0,67.0,61.0,0.0,0.0,0.0,1.0,0.0,1.0,0.0,0.0,0.0,0.0,0.0,0.0,0.0,0.0,0.0,0.0,0.0,0.0,0.0,0.0,0.0,1.475,1.288,1.0,108.0,3.0,1.0,2.0,2.0,0.0,0.0,0.0,10.0,11.0,1.0,1.0,4,4
763,1.0,1304.0,3.0,3.0,6748.0,3.0,3.0,129.0,1.0,1.0,1.0,1.0,2.0,1.0,67.0,62.0,0.0,0.0,0.0,0.0,0.0,0.0,0.0,0.0,0.0,0.0,0.0,0.0,0.0,0.0,0.0,0.0,0.0,0.0,0.0,0.0,0.0,8.426,7.976,1.0,115.0,3.0,1.0,1.0,2.0,0.0,1.0,0.0,10.0,11.0,1.0,1.0,4,4
764,0.0,1304.0,3.0,3.0,6774.0,3.0,3.0,130.0,1.0,1.0,1.0,1.0,2.0,2.0,68.0,62.0,0.0,0.0,0.0,0.0,0.0,0.0,0.0,0.0,0.0,0.0,1.0,0.0,0.0,0.0,0.0,0.0,0.0,0.0,0.0,0.0,0.0,8.498,6.423,2.0,113.0,2.0,0.0,0.0,2.0,0.0,2.0,0.0,10.0,11.0,1.0,1.0,4,4
765,0.0,1304.0,3.0,3.0,6812.0,3.0,3.0,131.0,1.0,1.0,1.0,1.0,2.0,1.0,69.0,62.0,1.0,0.0,0.0,0.0,0.0,0.0,0.0,0.0,0.0,0.0,1.0,0.0,0.0,0.0,0.0,1.0,0.0,1.0,0.0,0.0,0.0,33.519,25.981,8.0,121.0,4.0,0.0,1.0,3.0,0.0,2.0,0.0,11.0,11.0,1.0,1.0,4,4
766,0.0,1304.0,3.0,3.0,6922.0,3.0,4.0,132.0,1.0,1.0,2.0,1.0,1.0,1.0,70.0,62.0,0.0,0.0,0.0,0.0,0.0,0.0,0.0,0.0,0.0,0.0,0.0,0.0,0.0,0.0,0.0,0.0,0.0,0.0,0.0,0.0,0.0,14.657,25.182,5.0,100.0,2.0,0.0,1.0,0.0,0.0,0.0,0.0,11.0,11.0,1.0,1.0,3,4
767,0.0,1304.0,3.0,3.0,6949.0,3.0,4.0,133.0,1.0,1.0,2.0,1.0,1.0,1.0,71.0,62.0,0.0,0.0,0.0,0.0,1.0,0.0,1.0,0.0,0.0,0.0,0.0,0.0,1.0,0.0,0.0,0.0,0.0,0.0,0.0,0.0,0.0,13.874,16.208,5.0,116.0,4.0,0.0,1.0,1.0,0.0,0.0,0.0,11.0,11.0,1.0,1.0,3,4
768,0.0,1304.0,3.0,3.0,6975.0,3.0,4.0,134.0,1.0,1.0,2.0,1.0,1.0,1.0,72.0,62.0,0.0,0.0,0.0,0.0,0.0,0.0,0.0,0.0,0.0,0.0,0.0,0.0,0.0,0.0,0.0,0.0,0.0,0.0,0.0,0.0,0.0,2.462,3.847,1.0,109.0,3.0,1.0,0.0,2.0,0.0,0.0,0.0,11.0,11.0,1.0,1.0,3,2
769,1.0,1304.0,3.0,3.0,6993.0,3.0,4.0,135.0,1.0,1.0,2.0,1.0,1.0,1.0,72.0,63.0,0.0,0.0,0.0,0.0,0.0,1.0,1.0,0.0,0.0,0.0,0.0,0.0,0.0,0.0,0.0,0.0,0.0,0.0,0.0,0.0,0.0,3.239,3.42,2.0,100.0,0.0,0.0,1.0,3.0,0.0,0.0,0.0,11.0,11.0,1.0,1.0,3,1
770,0.0,1304.0,3.0,3.0,7018.0,3.0,4.0,136.0,1.0,1.0,2.0,1.0,1.0,1.0,73.0,63.0,1.0,0.0,0.0,0.0,0.0,0.0,0.0,0.0,0.0,0.0,0.0,0.0,0.0,0.0,0.0,0.0,0.0,0.0,0.0,0.0,0.0,4.909,5.676,1.0,102.0,3.0,1.0,1.0,3.0,0.0,1.0,0.0,12.0,11.0,1.0,1.0,3,2
771,1.0,1304.0,3.0,3.0,7042.0,3.0,5.0,137.0,1.0,1.0,3.0,1.0,2.0,1.0,73.0,64.0,0.0,0.0,0.0,0.0,0.0,1.0,1.0,0.0,0.0,0.0,0.0,0.0,0.0,0.0,0.0,0.0,0.0,0.0,0.0,0.0,0.0,8.934,8.112,3.0,126.0,4.0,0.0,0.0,0.0,0.0,0.0,0.0,12.0,11.0,1.0,1.0,3,1
772,1.0,1304.0,3.0,3.0,7075.0,3.0,5.0,138.0,1.0,1.0,3.0,1.0,2.0,1.0,73.0,65.0,0.0,0.0,0.0,1.0,0.0,1.0,0.0,0.0,0.0,0.0,0.0,0.0,0.0,0.0,0.0,0.0,0.0,0.0,0.0,0.0,0.0,0.919,0.74,1.0,114.0,3.0,1.0,2.0,0.0,0.0,1.0,0.0,12.0,11.0,1.0,1.0,3,2
773,1.0,1304.0,3.0,3.0,7090.0,3.0,5.0,139.0,1.0,1.0,3.0,1.0,2.0,2.0,73.0,66.0,0.0,0.0,0.0,0.0,0.0,0.0,0.0,0.0,0.0,0.0,0.0,0.0,0.0,0.0,0.0,0.0,0.0,0.0,0.0,0.0,0.0,4.278,3.875,1.0,124.0,0.0,1.0,0.0,0.0,0.0,2.0,0.0,12.0,11.0,1.0,1.0,3,1
774,1.0,1304.0,3.0,3.0,7111.0,3.0,5.0,140.0,1.0,1.0,3.0,1.0,2.0,2.0,73.0,67.0,2.0,0.0,0.0,0.0,0.0,1.0,2.0,0.0,0.0,0.0,0.0,0.0,1.0,0.0,1.0,0.0,0.0,0.0,0.0,0.0,0.0,11.701,13.008,3.0,119.0,2.0,0.0,0.0,0.0,0.0,3.0,0.0,12.0,12.0,1.0,1.0,3,2
775,1.0,1304.0,3.0,3.0,7220.0,3.0,6.0,141.0,1.0,1.0,3.0,2.0,1.0,2.0,73.0,68.0,0.0,0.0,0.0,0.0,0.0,0.0,0.0,0.0,0.0,0.0,0.0,0.0,0.0,0.0,0.0,0.0,0.0,0.0,0.0,0.0,0.0,9.159,8.429,2.0,87.0,0.0,0.0,0.0,0.0,0.0,0.0,0.0,12.0,12.0,1.0,1.0,3,1
776,1.0,1304.0,3.0,3.0,7250.0,3.0,6.0,142.0,1.0,1.0,3.0,2.0,1.0,1.0,73.0,69.0,0.0,0.0,0.0,0.0,0.0,0.0,0.0,0.0,0.0,1.0,0.0,0.0,0.0,0.0,0.0,0.0,0.0,0.0,0.0,0.0,0.0,14.937,13.977,4.0,103.0,1.0,1.0,0.0,0.0,0.0,1.0,0.0,12.0,12.0,1.0,1.0,3,2
777,0.0,1304.0,3.0,3.0,7277.0,3.0,6.0,143.0,1.0,1.0,3.0,2.0,1.0,1.0,74.0,69.0,0.0,0.0,0.0,0.0,0.0,0.0,0.0,0.0,0.0,0.0,0.0,0.0,0.0,0.0,0.0,0.0,0.0,0.0,0.0,0.0,0.0,5.212,6.013,1.0,107.0,3.0,0.0,1.0,0.0,0.0,2.0,0.0,12.0,12.0,1.0,1.0,3,1
778,0.0,1304.0,3.0,3.0,7299.0,3.0,6.0,144.0,1.0,1.0,3.0,2.0,1.0,2.0,75.0,69.0,0.0,0.0,0.0,0.0,0.0,0.0,0.0,0.0,0.0,0.0,0.0,1.0,0.0,1.0,0.0,0.0,0.0,0.0,0.0,0.0,0.0,38.868,35.561,9.0,88.0,1.0,0.0,1.0,1.0,0.0,2.0,0.0,12.0,12.0,1.0,1.0,3,2
779,0.0,1304.0,3.0,3.0,7356.0,3.0,6.0,145.0,1.0,1.0,3.0,2.0,1.0,2.0,76.0,69.0,0.0,0.0,0.0,0.0,0.0,0.0,0.0,0.0,0.0,0.0,0.0,0.0,1.0,0.0,0.0,0.0,0.0,0.0,0.0,0.0,0.0,32.999,42.064,11.0,87.0,1.0,0.0,0.0,2.0,0.0,2.0,0.0,12.0,12.0,1.0,1.0,4,4
780,1.0,1304.0,3.0,3.0,7412.0,3.0,6.0,146.0,1.0,1.0,3.0,2.0,1.0,2.0,76.0,70.0,0.0,0.0,0.0,0.0,0.0,0.0,0.0,0.0,0.0,0.0,0.0,0.0,0.0,0.0,0.0,0.0,0.0,0.0,0.0,0.0,0.0,26.085,25.227,6.0,85.0,0.0,0.0,0.0,3.0,0.0,2.0,0.0,12.0,12.0,1.0,1.0,4,4
781,0.0,1304.0,3.0,3.0,7464.0,3.0,6.0,147.0,1.0,1.0,3.0,2.0,1.0,1.0,77.0,70.0,0.0,0.0,1.0,0.0,1.0,0.0,0.0,0.0,0.0,0.0,0.0,0.0,0.0,0.0,0.0,0.0,0.0,0.0,0.0,0.0,0.0,0.592,0.636,1.0,121.0,3.0,1.0,2.0,3.0,0.0,3.0,0.0,12.0,12.0,1.0,1.0,4,4
782,0.0,1304.0,3.0,3.0,7485.0,3.0,6.0,148.0,1.0,1.0,3.0,2.0,1.0,1.0,78.0,70.0,1.0,0.0,0.0,0.0,0.0,0.0,0.0,0.0,0.0,0.0,0.0,0.0,0.0,0.0,0.0,0.0,0.0,0.0,0.0,0.0,0.0,4.751,5.538,1.0,110.0,4.0,0.0,1.0,4.0,0.0,3.0,0.0,13.0,12.0,1.0,1.0,4,4
783,1.0,1304.0,3.0,3.0,7544.0,3.0,7.0,149.0,1.0,1.0,4.0,2.0,2.0,2.0,78.0,71.0,0.0,0.0,0.0,0.0,0.0,0.0,0.0,0.0,0.0,0.0,0.0,0.0,0.0,0.0,0.0,0.0,0.0,0.0,0.0,0.0,0.0,3.58,2.159,1.0,116.0,2.0,0.0,0.0,0.0,0.0,0.0,0.0,13.0,12.0,1.0,1.0,4,4
784,1.0,1304.0,3.0,3.0,7571.0,3.0,7.0,150.0,1.0,1.0,4.0,2.0,2.0,1.0,78.0,72.0,0.0,0.0,0.0,0.0,0.0,0.0,0.0,0.0,0.0,0.0,0.0,0.0,0.0,0.0,0.0,0.0,0.0,0.0,0.0,0.0,0.0,8.002,6.203,1.0,118.0,4.0,0.0,0.0,0.0,0.0,1.0,0.0,13.0,12.0,1.0,1.0,4,4
785,0.0,1304.0,3.0,3.0,7587.0,3.0,7.0,151.0,1.0,1.0,4.0,2.0,2.0,2.0,79.0,72.0,0.0,0.0,0.0,0.0,0.0,0.0,0.0,0.0,0.0,0.0,1.0,0.0,0.0,0.0,0.0,0.0,0.0,0.0,0.0,0.0,0.0,9.052,7.79,2.0,96.0,0.0,0.0,0.0,0.0,0.0,2.0,0.0,13.0,12.0,1.0,1.0,4,4
786,1.0,1304.0,3.0,3.0,7622.0,3.0,7.0,152.0,1.0,1.0,4.0,2.0,2.0,2.0,79.0,73.0,0.0,0.0,0.0,0.0,0.0,0.0,0.0,0.0,0.0,0.0,0.0,0.0,0.0,0.0,0.0,0.0,0.0,0.0,0.0,0.0,0.0,4.551,3.262,1.0,119.0,4.0,0.0,1.0,1.0,0.0,2.0,0.0,13.0,12.0,1.0,1.0,4,4
787,1.0,1304.0,3.0,3.0,7648.0,3.0,7.0,153.0,1.0,1.0,4.0,2.0,2.0,1.0,79.0,74.0,2.0,0.0,0.0,0.0,0.0,1.0,1.0,0.0,0.0,0.0,0.0,0.0,1.0,0.0,1.0,0.0,0.0,0.0,0.0,0.0,0.0,23.04,15.506,5.0,132.0,0.0,0.0,2.0,1.0,0.0,3.0,0.0,13.0,13.0,1.0,1.0,4,4
788,0.0,1304.0,3.0,3.0,7745.0,3.0,8.0,154.0,1.0,1.0,4.0,3.0,1.0,1.0,80.0,74.0,0.0,0.0,0.0,0.0,1.0,0.0,1.0,0.0,0.0,0.0,0.0,0.0,1.0,0.0,0.0,0.0,0.0,0.0,0.0,0.0,0.0,29.056,24.309,7.0,124.0,4.0,0.0,1.0,0.0,0.0,0.0,0.0,13.0,13.0,1.0,1.0,4,4
789,0.0,1304.0,3.0,3.0,7792.0,3.0,8.0,155.0,1.0,1.0,4.0,3.0,1.0,1.0,81.0,74.0,0.0,0.0,0.0,0.0,0.0,0.0,0.0,0.0,0.0,0.0,1.0,0.0,0.0,0.0,0.0,0.0,0.0,0.0,0.0,0.0,0.0,13.168,22.104,5.0,110.0,4.0,0.0,0.0,1.0,0.0,0.0,0.0,13.0,13.0,1.0,1.0,4,4
790,1.0,1304.0,3.0,3.0,7820.0,3.0,8.0,156.0,1.0,1.0,4.0,3.0,1.0,1.0,81.0,75.0,0.0,0.0,0.0,0.0,0.0,1.0,2.0,0.0,0.0,0.0,0.0,0.0,1.0,0.0,1.0,0.0,0.0,0.0,0.0,0.0,0.0,23.43,27.351,6.0,107.0,2.0,0.0,1.0,2.0,0.0,0.0,0.0,13.0,13.0,1.0,1.0,4,4
791,0.0,1304.0,3.0,3.0,7860.0,3.0,8.0,157.0,1.0,1.0,4.0,3.0,1.0,2.0,82.0,75.0,0.0,0.0,0.0,0.0,0.0,0.0,0.0,0.0,0.0,0.0,1.0,0.0,0.0,0.0,0.0,0.0,0.0,0.0,0.0,0.0,0.0,12.893,9.341,3.0,95.0,4.0,0.0,0.0,2.0,0.0,1.0,0.0,13.0,13.0,1.0,1.0,4,4
792,1.0,1304.0,3.0,3.0,7900.0,3.0,8.0,158.0,1.0,1.0,4.0,3.0,1.0,1.0,82.0,76.0,0.0,0.0,0.0,0.0,0.0,0.0,0.0,0.0,0.0,1.0,0.0,1.0,0.0,0.0,0.0,0.0,0.0,0.0,0.0,0.0,0.0,11.38,11.523,2.0,124.0,1.0,0.0,0.0,3.0,0.0,1.0,0.0,13.0,13.0,1.0,1.0,4,4
793,1.0,1304.0,3.0,3.0,7926.0,3.0,8.0,159.0,1.0,1.0,4.0,3.0,1.0,1.0,82.0,77.0,0.0,0.0,0.0,0.0,0.0,0.0,0.0,0.0,0.0,0.0,0.0,0.0,1.0,0.0,1.0,0.0,0.0,0.0,0.0,0.0,0.0,15.94,22.331,4.0,110.0,4.0,0.0,0.0,3.0,0.0,2.0,0.0,13.0,13.0,1.0,1.0,4,4
794,0.0,1304.0,3.0,3.0,7960.0,3.0,8.0,160.0,1.0,1.0,4.0,3.0,1.0,2.0,83.0,77.0,0.0,0.0,0.0,0.0,0.0,0.0,0.0,0.0,0.0,0.0,0.0,0.0,0.0,0.0,0.0,0.0,0.0,0.0,0.0,0.0,0.0,28.777,37.639,9.0,94.0,2.0,0.0,0.0,3.0,0.0,3.0,0.0,13.0,13.0,1.0,1.0,4,4
795,1.0,1304.0,3.0,3.0,8010.0,3.0,8.0,161.0,1.0,1.0,4.0,3.0,1.0,1.0,83.0,78.0,0.0,0.0,0.0,0.0,0.0,0.0,0.0,0.0,0.0,1.0,0.0,0.0,0.0,0.0,0.0,0.0,0.0,0.0,0.0,0.0,0.0,43.99,49.401,12.0,104.0,3.0,1.0,0.0,4.0,0.0,3.0,0.0,13.0,13.0,1.0,1.0,4,4
796,0.0,1304.0,3.0,3.0,8062.0,3.0,8.0,162.0,1.0,1.0,4.0,3.0,1.0,2.0,84.0,78.0,0.0,0.0,0.0,0.0,1.0,0.0,2.0,0.0,0.0,0.0,0.0,0.0,0.0,0.0,0.0,0.0,0.0,0.0,0.0,0.0,0.0,21.082,21.587,7.0,94.0,2.0,0.0,0.0,3.0,0.0,3.0,0.0,13.0,13.0,1.0,1.0,4,4
797,1.0,1304.0,3.0,3.0,8109.0,3.0,8.0,163.0,1.0,1.0,4.0,3.0,1.0,2.0,84.0,79.0,0.0,0.0,0.0,0.0,0.0,0.0,0.0,0.0,0.0,0.0,0.0,0.0,0.0,0.0,0.0,0.0,0.0,0.0,0.0,0.0,0.0,26.544,22.522,6.0,82.0,1.0,0.0,1.0,4.0,0.0,3.0,0.0,13.0,13.0,1.0,1.0,4,4
798,0.0,1304.0,3.0,3.0,8188.0,3.0,8.0,164.0,1.0,1.0,4.0,3.0,1.0,1.0,85.0,79.0,0.0,0.0,0.0,0.0,1.0,0.0,1.0,0.0,0.0,0.0,0.0,0.0,0.0,0.0,0.0,0.0,0.0,0.0,0.0,0.0,0.0,20.985,30.638,7.0,110.0,3.0,1.0,0.0,3.0,0.0,3.0,0.0,13.0,13.0,1.0,1.0,4,4
799,0.0,1304.0,3.0,3.0,8234.0,3.0,8.0,165.0,1.0,1.0,4.0,3.0,1.0,1.0,86.0,79.0,1.0,0.0,0.0,0.0,0.0,0.0,0.0,0.0,0.0,0.0,0.0,0.0,0.0,0.0,0.0,0.0,0.0,0.0,0.0,0.0,0.0,6.081,4.927,1.0,108.0,0.0,1.0,1.0,4.0,0.0,3.0,0.0,14.0,13.0,1.0,1.0,4,4
800,0.0,1304.0,3.0,3.0,8282.0,3.0,9.0,166.0,1.0,1.0,5.0,3.0,2.0,1.0,87.0,79.0,0.0,0.0,0.0,0.0,0.0,0.0,0.0,0.0,0.0,0.0,1.0,0.0,0.0,0.0,0.0,0.0,0.0,0.0,0.0,0.0,0.0,8.156,7.74,2.0,135.0,4.0,0.0,1.0,0.0,0.0,0.0,0.0,14.0,13.0,1.0,1.0,4,4
801,1.0,1304.0,3.0,3.0,8298.0,3.0,9.0,167.0,1.0,1.0,5.0,3.0,2.0,1.0,87.0,80.0,0.0,0.0,0.0,0.0,0.0,0.0,0.0,0.0,0.0,0.0,0.0,0.0,0.0,0.0,0.0,0.0,0.0,0.0,0.0,0.0,0.0,4.939,3.542,1.0,116.0,4.0,1.0,1.0,1.0,0.0,0.0,0.0,14.0,13.0,1.0,1.0,4,4
802,1.0,1304.0,3.0,3.0,8314.0,3.0,9.0,168.0,1.0,1.0,5.0,3.0,2.0,1.0,87.0,81.0,0.0,0.0,0.0,0.0,0.0,0.0,0.0,0.0,0.0,0.0,0.0,1.0,0.0,0.0,0.0,0.0,0.0,0.0,0.0,0.0,0.0,17.948,8.963,3.0,130.0,0.0,0.0,0.0,1.0,0.0,1.0,0.0,14.0,13.0,1.0,1.0,4,4
803,1.0,1304.0,3.0,3.0,8337.0,3.0,9.0,169.0,1.0,1.0,5.0,3.0,2.0,1.0,87.0,82.0,0.0,0.0,0.0,0.0,0.0,0.0,0.0,0.0,0.0,0.0,0.0,0.0,0.0,0.0,0.0,0.0,0.0,0.0,0.0,0.0,0.0,4.816,3.777,1.0,121.0,4.0,1.0,1.0,1.0,0.0,2.0,0.0,14.0,13.0,1.0,1.0,4,4
804,0.0,1304.0,3.0,3.0,8349.0,3.0,9.0,170.0,1.0,1.0,5.0,3.0,2.0,1.0,88.0,82.0,0.0,0.0,0.0,0.0,0.0,0.0,0.0,0.0,0.0,0.0,0.0,0.0,1.0,0.0,0.0,0.0,0.0,0.0,0.0,0.0,0.0,3.843,4.985,2.0,121.0,0.0,0.0,0.0,1.0,0.0,3.0,0.0,14.0,13.0,1.0,1.0,4,4
805,0.0,1304.0,3.0,3.0,8367.0,3.0,9.0,171.0,1.0,1.0,5.0,3.0,2.0,1.0,89.0,82.0,0.0,0.0,0.0,0.0,0.0,0.0,0.0,0.0,0.0,0.0,1.0,0.0,0.0,0.0,0.0,0.0,0.0,0.0,0.0,0.0,0.0,9.338,6.818,2.0,114.0,4.0,0.0,0.0,2.0,0.0,3.0,0.0,14.0,13.0,1.0,1.0,4,4
806,0.0,1304.0,3.0,3.0,8400.0,3.0,9.0,172.0,1.0,1.0,5.0,3.0,2.0,1.0,90.0,82.0,0.0,0.0,0.0,0.0,1.0,0.0,1.0,0.0,0.0,0.0,0.0,0.0,1.0,0.0,0.0,0.0,0.0,0.0,0.0,0.0,0.0,5.617,6.142,2.0,113.0,3.0,0.0,0.0,3.0,0.0,3.0,0.0,14.0,13.0,1.0,1.0,4,4
807,1.0,1304.0,3.0,3.0,8419.0,3.0,9.0,173.0,1.0,1.0,5.0,3.0,2.0,1.0,90.0,83.0,0.0,0.0,0.0,0.0,0.0,0.0,0.0,0.0,0.0,0.0,0.0,0.0,1.0,0.0,1.0,1.0,0.0,0.0,0.0,1.0,0.0,8.592,11.403,3.0,119.0,2.0,0.0,2.0,4.0,0.0,3.0,0.0,14.0,13.0,1.0,1.0,4,4
808,0.0,1304.0,3.0,3.0,8444.0,3.0,9.0,174.0,1.0,1.0,5.0,3.0,2.0,1.0,91.0,83.0,0.0,0.0,0.0,0.0,0.0,0.0,0.0,0.0,0.0,0.0,0.0,0.0,0.0,0.0,0.0,0.0,0.0,0.0,0.0,0.0,0.0,20.047,17.28,4.0,104.0,2.0,0.0,0.0,3.0,0.0,3.0,0.0,14.0,13.0,1.0,1.0,3,4
809,0.0,1304.0,3.0,3.0,8464.0,3.0,9.0,175.0,1.0,1.0,5.0,3.0,2.0,1.0,92.0,83.0,1.0,1.0,0.0,0.0,0.0,0.0,0.0,0.0,0.0,0.0,0.0,0.0,1.0,0.0,0.0,1.0,0.0,1.0,0.0,0.0,0.0,7.772,8.578,2.0,109.0,3.0,1.0,2.0,4.0,0.0,3.0,0.0,15.0,13.0,2.0,1.0,3,4
810,1.0,1304.0,3.0,3.0,8718.0,4.0,1.0,176.0,2.0,1.0,0.0,0.0,1.0,1.0,92.0,84.0,0.0,0.0,0.0,0.0,0.0,0.0,0.0,0.0,0.0,1.0,0.0,0.0,0.0,0.0,0.0,0.0,0.0,0.0,0.0,0.0,0.0,8.404,8.762,2.0,100.0,2.0,0.0,1.0,0.0,0.0,0.0,0.0,15.0,13.0,2.0,1.0,3,4
811,1.0,1304.0,3.0,3.0,8736.0,4.0,1.0,177.0,2.0,1.0,0.0,0.0,1.0,2.0,92.0,85.0,0.0,0.0,0.0,0.0,0.0,1.0,1.0,0.0,0.0,0.0,0.0,0.0,0.0,0.0,0.0,0.0,0.0,0.0,0.0,0.0,0.0,23.898,26.444,6.0,92.0,1.0,0.0,0.0,0.0,0.0,1.0,0.0,15.0,13.0,2.0,1.0,3,4
812,0.0,1304.0,3.0,3.0,8774.0,4.0,1.0,178.0,2.0,1.0,0.0,0.0,1.0,1.0,93.0,85.0,0.0,0.0,0.0,0.0,1.0,0.0,1.0,0.0,0.0,0.0,0.0,1.0,0.0,1.0,0.0,0.0,0.0,0.0,0.0,0.0,0.0,28.519,23.806,7.0,107.0,3.0,1.0,0.0,0.0,0.0,2.0,0.0,15.0,13.0,2.0,1.0,3,4
813,1.0,1304.0,3.0,3.0,8814.0,4.0,1.0,179.0,2.0,1.0,0.0,0.0,1.0,1.0,93.0,86.0,0.0,0.0,0.0,0.0,0.0,0.0,0.0,0.0,0.0,0.0,0.0,0.0,0.0,0.0,0.0,0.0,0.0,0.0,0.0,0.0,0.0,15.137,16.145,4.0,118.0,4.0,0.0,0.0,1.0,0.0,2.0,0.0,15.0,13.0,2.0,1.0,3,4
814,0.0,1304.0,3.0,3.0,8842.0,4.0,1.0,180.0,2.0,1.0,0.0,0.0,1.0,1.0,94.0,86.0,0.0,0.0,0.0,0.0,0.0,0.0,0.0,0.0,0.0,0.0,1.0,0.0,0.0,0.0,0.0,0.0,1.0,0.0,0.0,0.0,1.0,10.53,14.406,3.0,107.0,3.0,0.0,0.0,1.0,0.0,3.0,0.0,15.0,13.0,2.0,1.0,3,4
815,0.0,1304.0,3.0,3.0,8884.0,4.0,1.0,181.0,2.0,1.0,0.0,0.0,1.0,1.0,95.0,86.0,0.0,0.0,0.0,0.0,0.0,0.0,0.0,0.0,0.0,0.0,0.0,0.0,0.0,0.0,0.0,0.0,1.0,0.0,0.0,0.0,1.0,32.75,34.024,9.0,104.0,2.0,1.0,0.0,2.0,0.0,3.0,0.0,15.0,13.0,2.0,1.0,3,4
816,1.0,1304.0,3.0,3.0,8924.0,4.0,1.0,182.0,2.0,1.0,0.0,0.0,1.0,2.0,95.0,87.0,0.0,0.0,0.0,0.0,0.0,0.0,0.0,0.0,0.0,1.0,0.0,1.0,0.0,0.0,0.0,0.0,0.0,0.0,0.0,0.0,0.0,16.418,18.21,4.0,90.0,0.0,0.0,1.0,3.0,0.0,3.0,0.0,15.0,13.0,2.0,1.0,3,0
817,1.0,1304.0,3.0,3.0,8966.0,4.0,1.0,183.0,2.0,1.0,0.0,0.0,1.0,1.0,95.0,88.0,2.0,0.0,0.0,0.0,0.0,0.0,0.0,0.0,0.0,0.0,0.0,0.0,0.0,0.0,0.0,0.0,1.0,0.0,1.0,0.0,0.0,26.616,19.212,6.0,124.0,2.0,0.0,0.0,3.0,0.0,4.0,0.0,15.0,14.0,2.0,1.0,3,0
818,1.0,1304.0,3.0,3.0,9038.0,4.0,2.0,184.0,2.0,1.0,0.0,1.0,2.0,1.0,95.0,89.0,0.0,0.0,0.0,0.0,0.0,0.0,0.0,0.0,0.0,0.0,0.0,0.0,0.0,0.0,0.0,0.0,0.0,0.0,0.0,0.0,0.0,2.795,1.793,1.0,119.0,2.0,0.0,0.0,0.0,0.0,0.0,0.0,15.0,14.0,2.0,1.0,4,0
819,1.0,1304.0,3.0,3.0,9056.0,4.0,2.0,185.0,2.0,1.0,0.0,1.0,2.0,1.0,95.0,90.0,0.0,0.0,0.0,0.0,0.0,1.0,1.0,0.0,0.0,0.0,0.0,0.0,1.0,0.0,1.0,0.0,0.0,0.0,0.0,0.0,0.0,6.382,8.536,3.0,115.0,3.0,1.0,2.0,0.0,0.0,1.0,0.0,15.0,14.0,2.0,1.0,4,0
820,1.0,1304.0,3.0,3.0,9080.0,4.0,2.0,186.0,2.0,1.0,0.0,1.0,2.0,1.0,95.0,91.0,0.0,0.0,0.0,1.0,0.0,1.0,0.0,0.0,0.0,0.0,0.0,0.0,0.0,0.0,0.0,0.0,0.0,0.0,0.0,0.0,0.0,0.829,0.935,1.0,117.0,3.0,0.0,2.0,0.0,0.0,2.0,0.0,15.0,14.0,2.0,1.0,4,0
821,1.0,1304.0,3.0,3.0,9098.0,4.0,2.0,187.0,2.0,1.0,0.0,1.0,2.0,2.0,95.0,92.0,2.0,0.0,0.0,0.0,0.0,0.0,0.0,0.0,0.0,0.0,0.0,0.0,0.0,0.0,0.0,0.0,0.0,0.0,0.0,0.0,0.0,6.75,6.572,1.0,86.0,2.0,0.0,0.0,0.0,0.0,3.0,0.0,15.0,15.0,2.0,1.0,4,0
822,1.0,1304.0,3.0,3.0,9144.0,4.0,3.0,188.0,2.0,1.0,0.0,2.0,1.0,1.0,95.0,93.0,0.0,0.0,0.0,0.0,0.0,1.0,1.0,0.0,0.0,0.0,0.0,0.0,1.0,0.0,1.0,0.0,0.0,0.0,0.0,0.0,0.0,30.079,29.604,6.0,107.0,3.0,0.0,0.0,0.0,0.0,0.0,0.0,15.0,15.0,2.0,1.0,4,0
823,0.0,1304.0,3.0,3.0,9196.0,4.0,3.0,189.0,2.0,1.0,0.0,2.0,1.0,1.0,96.0,93.0,0.0,0.0,0.0,0.0,0.0,0.0,0.0,0.0,0.0,0.0,0.0,0.0,0.0,0.0,0.0,0.0,0.0,0.0,0.0,0.0,0.0,3.484,3.961,1.0,112.0,0.0,1.0,1.0,0.0,0.0,1.0,0.0,15.0,15.0,2.0,1.0,4,0
824,0.0,1304.0,3.0,3.0,9219.0,4.0,3.0,190.0,2.0,1.0,0.0,2.0,1.0,2.0,97.0,93.0,0.0,0.0,0.0,0.0,0.0,0.0,0.0,0.0,0.0,0.0,0.0,0.0,1.0,0.0,0.0,0.0,0.0,0.0,0.0,0.0,0.0,4.863,10.418,3.0,98.0,0.0,0.0,0.0,1.0,0.0,1.0,0.0,15.0,15.0,2.0,1.0,4,0
825,0.0,1304.0,3.0,3.0,9253.0,4.0,3.0,191.0,2.0,1.0,0.0,2.0,1.0,2.0,98.0,93.0,0.0,0.0,0.0,0.0,0.0,0.0,0.0,0.0,0.0,0.0,0.0,0.0,0.0,0.0,0.0,0.0,0.0,0.0,0.0,0.0,0.0,4.977,4.803,1.0,91.0,2.0,0.0,1.0,2.0,0.0,1.0,0.0,15.0,15.0,2.0,1.0,4,4
826,1.0,1304.0,3.0,3.0,9285.0,4.0,3.0,192.0,2.0,1.0,0.0,2.0,1.0,1.0,98.0,94.0,0.0,0.0,0.0,0.0,0.0,0.0,0.0,0.0,0.0,1.0,0.0,0.0,0.0,0.0,0.0,0.0,0.0,0.0,0.0,0.0,0.0,8.46,11.397,2.0,103.0,2.0,0.0,0.0,3.0,0.0,1.0,0.0,15.0,15.0,2.0,1.0,4,4
827,0.0,1304.0,3.0,3.0,9308.0,4.0,3.0,193.0,2.0,1.0,0.0,2.0,1.0,2.0,99.0,94.0,1.0,0.0,0.0,0.0,0.0,0.0,0.0,0.0,0.0,0.0,0.0,0.0,0.0,0.0,0.0,0.0,0.0,0.0,0.0,0.0,0.0,8.622,12.474,3.0,80.0,0.0,0.0,0.0,3.0,0.0,2.0,0.0,16.0,15.0,2.0,1.0,4,4
828,1.0,1304.0,3.0,3.0,9429.0,4.0,4.0,194.0,2.0,1.0,1.0,2.0,2.0,1.0,99.0,95.0,0.0,0.0,0.0,0.0,0.0,0.0,0.0,0.0,0.0,0.0,0.0,0.0,0.0,0.0,0.0,0.0,0.0,0.0,0.0,0.0,0.0,5.218,5.155,1.0,119.0,3.0,1.0,1.0,0.0,0.0,0.0,0.0,16.0,15.0,2.0,1.0,4,4
829,0.0,1304.0,3.0,3.0,9448.0,4.0,4.0,195.0,2.0,1.0,1.0,2.0,2.0,2.0,100.0,95.0,0.0,0.0,0.0,0.0,1.0,0.0,2.0,0.0,0.0,0.0,0.0,0.0,0.0,0.0,0.0,0.0,0.0,0.0,0.0,0.0,0.0,38.65,31.425,12.0,103.0,4.0,0.0,1.0,0.0,0.0,1.0,0.0,16.0,15.0,2.0,1.0,4,4
830,1.0,1304.0,3.0,3.0,9505.0,4.0,4.0,196.0,2.0,1.0,1.0,2.0,2.0,1.0,100.0,96.0,0.0,0.0,0.0,0.0,0.0,0.0,0.0,0.0,0.0,1.0,0.0,0.0,0.0,0.0,0.0,0.0,0.0,0.0,0.0,0.0,0.0,30.573,25.591,7.0,113.0,2.0,0.0,1.0,1.0,0.0,1.0,0.0,16.0,15.0,2.0,1.0,4,4
831,1.0,1304.0,3.0,3.0,9542.0,4.0,4.0,197.0,2.0,1.0,1.0,2.0,2.0,1.0,100.0,97.0,0.0,0.0,0.0,0.0,0.0,0.0,0.0,0.0,0.0,0.0,0.0,0.0,0.0,0.0,0.0,0.0,0.0,0.0,0.0,0.0,0.0,6.817,4.226,1.0,118.0,4.0,0.0,1.0,1.0,0.0,2.0,0.0,16.0,15.0,2.0,1.0,4,4
832,0.0,1304.0,3.0,3.0,9557.0,4.0,4.0,198.0,2.0,1.0,1.0,2.0,2.0,1.0,101.0,97.0,0.0,0.0,0.0,0.0,0.0,0.0,0.0,0.0,0.0,0.0,0.0,0.0,0.0,0.0,0.0,0.0,0.0,0.0,0.0,0.0,0.0,22.93,21.515,6.0,128.0,0.0,0.0,0.0,1.0,0.0,3.0,0.0,16.0,15.0,2.0,1.0,4,4
833,1.0,1304.0,3.0,3.0,9594.0,4.0,4.0,199.0,2.0,1.0,1.0,2.0,2.0,1.0,101.0,98.0,2.0,0.0,0.0,0.0,0.0,1.0,1.0,0.0,0.0,0.0,0.0,0.0,0.0,0.0,0.0,0.0,0.0,0.0,0.0,0.0,0.0,11.577,7.198,3.0,114.0,3.0,1.0,0.0,2.0,0.0,3.0,0.0,16.0,16.0,2.0,1.0,4,4
834,1.0,1304.0,3.0,3.0,9629.0,4.0,5.0,200.0,2.0,1.0,1.0,3.0,1.0,1.0,101.0,99.0,0.0,0.0,0.0,0.0,0.0,1.0,1.0,0.0,0.0,0.0,0.0,0.0,0.0,0.0,0.0,0.0,0.0,0.0,0.0,0.0,0.0,10.224,9.319,4.0,120.0,0.0,0.0,0.0,0.0,0.0,0.0,0.0,16.0,16.0,2.0,1.0,4,4
835,1.0,1304.0,3.0,3.0,9651.0,4.0,5.0,201.0,2.0,1.0,1.0,3.0,1.0,1.0,101.0,100.0,0.0,0.0,0.0,0.0,0.0,0.0,0.0,0.0,0.0,1.0,0.0,0.0,0.0,0.0,0.0,0.0,0.0,0.0,0.0,0.0,0.0,6.284,7.451,2.0,112.0,4.0,1.0,0.0,0.0,0.0,1.0,0.0,16.0,16.0,2.0,1.0,4,4
836,0.0,1304.0,3.0,3.0,9675.0,4.0,5.0,202.0,2.0,1.0,1.0,3.0,1.0,1.0,102.0,100.0,0.0,0.0,0.0,0.0,0.0,0.0,0.0,0.0,0.0,0.0,0.0,0.0,0.0,0.0,0.0,0.0,0.0,0.0,0.0,0.0,0.0,21.493,31.726,5.0,111.0,3.0,0.0,0.0,0.0,0.0,2.0,0.0,16.0,16.0,2.0,1.0,4,4
837,0.0,1304.0,3.0,3.0,9717.0,4.0,5.0,203.0,2.0,1.0,1.0,3.0,1.0,2.0,103.0,100.0,0.0,0.0,0.0,0.0,0.0,0.0,0.0,0.0,0.0,0.0,1.0,0.0,0.0,0.0,0.0,0.0,0.0,0.0,0.0,0.0,0.0,3.51,4.23,1.0,94.0,1.0,0.0,1.0,1.0,0.0,2.0,0.0,16.0,16.0,2.0,1.0,4,4
838,1.0,1304.0,3.0,3.0,9756.0,4.0,5.0,204.0,2.0,1.0,1.0,3.0,1.0,2.0,103.0,101.0,0.0,0.0,0.0,0.0,0.0,0.0,0.0,0.0,0.0,1.0,0.0,0.0,0.0,0.0,0.0,0.0,0.0,0.0,0.0,0.0,0.0,23.551,23.305,6.0,92.0,2.0,0.0,1.0,2.0,0.0,2.0,0.0,16.0,16.0,2.0,1.0,4,4
839,0.0,1304.0,3.0,3.0,9816.0,4.0,5.0,205.0,2.0,1.0,1.0,3.0,1.0,2.0,104.0,101.0,0.0,0.0,0.0,0.0,0.0,0.0,0.0,0.0,0.0,0.0,1.0,0.0,0.0,0.0,0.0,0.0,1.0,0.0,0.0,0.0,1.0,18.317,21.275,5.0,100.0,4.0,0.0,0.0,2.0,0.0,3.0,0.0,16.0,16.0,2.0,1.0,4,4
840,0.0,1304.0,3.0,3.0,9860.0,4.0,5.0,206.0,2.0,1.0,1.0,3.0,1.0,1.0,105.0,101.0,0.0,0.0,0.0,0.0,0.0,0.0,0.0,0.0,0.0,0.0,0.0,0.0,0.0,0.0,0.0,0.0,0.0,0.0,0.0,0.0,0.0,4.358,3.579,1.0,121.0,0.0,1.0,1.0,3.0,0.0,3.0,0.0,16.0,16.0,2.0,1.0,4,4
841,0.0,1304.0,3.0,3.0,9879.0,4.0,5.0,207.0,2.0,1.0,1.0,3.0,1.0,1.0,106.0,101.0,1.0,0.0,0.0,0.0,0.0,0.0,0.0,0.0,0.0,0.0,0.0,0.0,0.0,0.0,0.0,0.0,0.0,0.0,0.0,0.0,0.0,4.736,5.063,1.0,115.0,4.0,0.0,1.0,4.0,0.0,3.0,0.0,17.0,16.0,2.0,1.0,4,4
842,0.0,1304.0,3.0,3.0,9984.0,4.0,6.0,208.0,2.0,1.0,2.0,3.0,2.0,1.0,107.0,101.0,0.0,0.0,0.0,0.0,0.0,0.0,0.0,0.0,0.0,0.0,1.0,0.0,0.0,0.0,0.0,0.0,0.0,0.0,0.0,0.0,0.0,10.399,7.151,2.0,115.0,3.0,1.0,0.0,0.0,0.0,0.0,0.0,17.0,16.0,2.0,1.0,4,4
843,1.0,1304.0,3.0,3.0,10005.0,4.0,6.0,209.0,2.0,1.0,2.0,3.0,2.0,1.0,107.0,102.0,0.0,0.0,0.0,0.0,0.0,1.0,1.0,0.0,0.0,0.0,0.0,0.0,1.0,0.0,1.0,0.0,0.0,0.0,0.0,0.0,0.0,12.335,12.896,3.0,112.0,3.0,1.0,2.0,1.0,0.0,0.0,0.0,17.0,16.0,2.0,1.0,4,4
844,1.0,1304.0,3.0,3.0,10027.0,4.0,6.0,210.0,2.0,1.0,2.0,3.0,2.0,1.0,107.0,103.0,0.0,0.0,0.0,1.0,0.0,1.0,0.0,0.0,0.0,0.0,0.0,0.0,0.0,0.0,0.0,0.0,0.0,0.0,0.0,0.0,0.0,1.343,1.013,1.0,128.0,4.0,1.0,2.0,1.0,0.0,1.0,0.0,17.0,16.0,2.0,1.0,4,4
845,1.0,1304.0,3.0,3.0,10047.0,4.0,6.0,211.0,2.0,1.0,2.0,3.0,2.0,2.0,107.0,104.0,0.0,0.0,0.0,0.0,0.0,1.0,1.0,0.0,0.0,0.0,0.0,0.0,0.0,0.0,0.0,0.0,0.0,0.0,0.0,0.0,0.0,25.974,21.016,5.0,85.0,1.0,0.0,0.0,1.0,0.0,2.0,0.0,17.0,16.0,2.0,1.0,4,4
846,1.0,1304.0,3.0,3.0,10087.0,4.0,6.0,212.0,2.0,1.0,2.0,3.0,2.0,1.0,107.0,105.0,2.0,0.0,0.0,0.0,0.0,0.0,0.0,0.0,0.0,0.0,0.0,0.0,0.0,0.0,0.0,0.0,0.0,0.0,0.0,0.0,0.0,22.149,31.178,1.0,105.0,3.0,1.0,1.0,1.0,0.0,3.0,0.0,17.0,17.0,2.0,1.0,4,4
847,0.0,1304.0,3.0,3.0,10185.0,4.0,7.0,213.0,2.0,1.0,2.0,4.0,1.0,1.0,108.0,105.0,0.0,0.0,1.0,0.0,1.0,0.0,0.0,0.0,0.0,0.0,0.0,0.0,0.0,0.0,0.0,0.0,0.0,0.0,0.0,0.0,0.0,0.864,1.148,1.0,106.0,3.0,1.0,2.0,0.0,0.0,0.0,0.0,17.0,17.0,2.0,1.0,4,4
848,1.0,1304.0,3.0,3.0,10201.0,4.0,7.0,214.0,2.0,1.0,2.0,4.0,1.0,1.0,108.0,106.0,0.0,0.0,0.0,0.0,0.0,0.0,0.0,0.0,0.0,0.0,0.0,0.0,0.0,0.0,0.0,0.0,0.0,0.0,0.0,0.0,0.0,15.632,16.13,4.0,105.0,4.0,1.0,1.0,1.0,0.0,0.0,0.0,17.0,17.0,2.0,1.0,4,2
849,0.0,1304.0,3.0,3.0,10228.0,4.0,7.0,215.0,2.0,1.0,2.0,4.0,1.0,2.0,109.0,106.0,0.0,0.0,0.0,0.0,1.0,0.0,1.0,0.0,0.0,0.0,0.0,0.0,0.0,0.0,0.0,0.0,0.0,0.0,0.0,0.0,0.0,11.239,13.636,5.0,92.0,0.0,0.0,0.0,1.0,0.0,1.0,0.0,17.0,17.0,2.0,1.0,4,1
850,0.0,1304.0,3.0,3.0,10263.0,4.0,7.0,216.0,2.0,1.0,2.0,4.0,1.0,1.0,110.0,106.0,0.0,0.0,0.0,0.0,0.0,0.0,0.0,0.0,0.0,0.0,0.0,0.0,0.0,0.0,0.0,0.0,0.0,0.0,0.0,0.0,0.0,3.407,5.229,1.0,107.0,4.0,0.0,1.0,2.0,0.0,1.0,0.0,17.0,17.0,2.0,1.0,4,2
851,0.0,1304.0,3.0,3.0,10281.0,4.0,7.0,217.0,2.0,1.0,2.0,4.0,1.0,1.0,111.0,106.0,1.0,0.0,0.0,0.0,0.0,0.0,0.0,0.0,0.0,0.0,1.0,0.0,0.0,0.0,0.0,0.0,0.0,0.0,0.0,0.0,0.0,10.972,15.102,3.0,124.0,4.0,0.0,1.0,3.0,0.0,1.0,0.0,18.0,17.0,2.0,1.0,4,1
852,1.0,1304.0,3.0,3.0,10391.0,4.0,8.0,218.0,2.0,1.0,3.0,4.0,2.0,1.0,111.0,107.0,0.0,0.0,0.0,0.0,0.0,0.0,0.0,0.0,0.0,0.0,0.0,0.0,0.0,0.0,0.0,0.0,0.0,0.0,0.0,0.0,0.0,23.739,24.576,3.0,114.0,3.0,0.0,0.0,0.0,0.0,0.0,0.0,18.0,17.0,2.0,1.0,4,2
853,1.0,1304.0,3.0,3.0,10419.0,4.0,8.0,219.0,2.0,1.0,3.0,4.0,2.0,2.0,111.0,108.0,0.0,0.0,0.0,0.0,0.0,0.0,0.0,0.0,0.0,1.0,0.0,0.0,0.0,0.0,0.0,0.0,0.0,0.0,0.0,0.0,0.0,12.052,10.026,5.0,109.0,0.0,0.0,1.0,0.0,0.0,1.0,0.0,18.0,17.0,2.0,1.0,4,1
854,0.0,1304.0,3.0,3.0,10460.0,4.0,8.0,220.0,2.0,1.0,3.0,4.0,2.0,2.0,112.0,108.0,0.0,0.0,0.0,0.0,0.0,0.0,0.0,0.0,0.0,0.0,1.0,0.0,0.0,0.0,0.0,0.0,0.0,0.0,0.0,0.0,0.0,8.588,7.287,2.0,107.0,0.0,0.0,0.0,0.0,0.0,2.0,0.0,18.0,17.0,2.0,1.0,4,2
855,1.0,1304.0,3.0,3.0,10499.0,4.0,8.0,221.0,2.0,1.0,3.0,4.0,2.0,1.0,112.0,109.0,0.0,0.0,0.0,0.0,0.0,1.0,1.0,0.0,0.0,0.0,0.0,0.0,1.0,0.0,1.0,0.0,0.0,0.0,0.0,0.0,0.0,27.641,25.159,7.0,119.0,3.0,1.0,0.0,1.0,0.0,2.0,0.0,18.0,17.0,2.0,1.0,4,4
856,0.0,1304.0,3.0,3.0,10535.0,4.0,8.0,222.0,2.0,1.0,3.0,4.0,2.0,2.0,113.0,109.0,0.0,0.0,0.0,0.0,0.0,0.0,0.0,0.0,1.0,0.0,1.0,0.0,0.0,0.0,0.0,0.0,0.0,0.0,0.0,0.0,0.0,2.02,2.07,0.0,0.0,0.0,1.0,2.0,1.0,0.0,3.0,0.0,18.0,17.0,2.0,1.0,4,4
857,1.0,1304.0,3.0,3.0,10588.0,4.0,8.0,223.0,2.0,1.0,3.0,4.0,2.0,2.0,113.0,110.0,2.0,0.0,0.0,0.0,0.0,0.0,0.0,0.0,0.0,0.0,0.0,0.0,1.0,0.0,1.0,0.0,0.0,0.0,0.0,0.0,0.0,11.683,14.971,3.0,113.0,4.0,0.0,0.0,2.0,0.0,3.0,0.0,18.0,18.0,2.0,1.0,4,4
858,0.0,1304.0,3.0,3.0,10651.0,4.0,9.0,224.0,2.0,1.0,3.0,5.0,1.0,1.0,114.0,110.0,0.0,0.0,0.0,0.0,0.0,0.0,0.0,0.0,0.0,0.0,0.0,0.0,0.0,0.0,0.0,0.0,0.0,0.0,0.0,0.0,0.0,2.735,4.31,1.0,110.0,3.0,1.0,2.0,0.0,0.0,0.0,0.0,18.0,18.0,2.0,1.0,4,4
859,1.0,1304.0,3.0,3.0,10668.0,4.0,9.0,225.0,2.0,1.0,3.0,5.0,1.0,2.0,114.0,111.0,0.0,0.0,0.0,0.0,0.0,1.0,1.0,0.0,0.0,0.0,0.0,0.0,0.0,0.0,0.0,0.0,0.0,0.0,0.0,0.0,0.0,3.901,3.838,2.0,95.0,1.0,0.0,0.0,1.0,0.0,0.0,0.0,18.0,18.0,2.0,1.0,4,4
860,0.0,1304.0,3.0,3.0,10696.0,4.0,9.0,226.0,2.0,1.0,3.0,5.0,1.0,2.0,115.0,111.0,0.0,0.0,0.0,0.0,0.0,0.0,0.0,0.0,0.0,0.0,0.0,0.0,0.0,0.0,0.0,0.0,0.0,0.0,0.0,0.0,0.0,0.791,1.397,1.0,99.0,3.0,1.0,2.0,1.0,0.0,1.0,0.0,18.0,18.0,2.0,1.0,4,4
861,0.0,1304.0,3.0,3.0,10725.0,4.0,9.0,227.0,2.0,1.0,3.0,5.0,1.0,1.0,116.0,111.0,0.0,0.0,0.0,0.0,1.0,0.0,1.0,0.0,0.0,0.0,0.0,1.0,0.0,1.0,0.0,0.0,0.0,0.0,0.0,0.0,0.0,11.4,9.75,3.0,112.0,4.0,1.0,0.0,2.0,0.0,1.0,0.0,18.0,18.0,2.0,1.0,4,4
862,1.0,1304.0,3.0,3.0,10749.0,4.0,9.0,228.0,2.0,1.0,3.0,5.0,1.0,1.0,116.0,112.0,0.0,0.0,0.0,0.0,0.0,0.0,0.0,0.0,0.0,1.0,0.0,0.0,0.0,0.0,0.0,0.0,0.0,0.0,0.0,0.0,0.0,4.036,5.502,2.0,109.0,3.0,1.0,0.0,3.0,0.0,1.0,0.0,18.0,18.0,2.0,1.0,4,4
863,0.0,1304.0,3.0,3.0,10774.0,4.0,9.0,229.0,2.0,1.0,3.0,5.0,1.0,2.0,117.0,112.0,1.0,0.0,0.0,0.0,0.0,0.0,0.0,0.0,0.0,0.0,0.0,0.0,0.0,0.0,0.0,0.0,0.0,0.0,0.0,0.0,0.0,5.986,4.857,1.0,89.0,1.0,0.0,0.0,3.0,0.0,2.0,0.0,19.0,18.0,2.0,1.0,4,4
864,0.0,1304.0,3.0,3.0,10887.0,4.0,10.0,230.0,2.0,1.0,4.0,5.0,2.0,1.0,118.0,112.0,0.0,0.0,0.0,0.0,0.0,0.0,0.0,0.0,0.0,0.0,1.0,1.0,0.0,1.0,0.0,0.0,0.0,0.0,0.0,0.0,0.0,32.03,17.028,6.0,106.0,3.0,1.0,0.0,0.0,0.0,0.0,0.0,19.0,18.0,2.0,1.0,4,4
865,1.0,1304.0,3.0,3.0,10919.0,4.0,10.0,231.0,2.0,1.0,4.0,5.0,2.0,1.0,118.0,113.0,0.0,0.0,0.0,0.0,0.0,0.0,0.0,0.0,0.0,0.0,0.0,0.0,1.0,0.0,1.0,0.0,0.0,0.0,0.0,0.0,0.0,15.331,16.204,3.0,117.0,2.0,0.0,2.0,1.0,0.0,0.0,0.0,19.0,18.0,2.0,1.0,4,4
866,0.0,1304.0,3.0,3.0,10949.0,4.0,10.0,232.0,2.0,1.0,4.0,5.0,2.0,2.0,119.0,113.0,0.0,0.0,0.0,0.0,0.0,0.0,0.0,0.0,1.0,0.0,1.0,0.0,0.0,0.0,0.0,0.0,0.0,0.0,0.0,0.0,0.0,3.85,3.589,0.0,0.0,3.0,1.0,1.0,1.0,0.0,1.0,0.0,19.0,18.0,2.0,1.0,4,4
867,0.0,1304.0,3.0,3.0,10997.0,4.0,10.0,233.0,2.0,1.0,4.0,5.0,2.0,1.0,120.0,113.0,0.0,0.0,0.0,0.0,0.0,0.0,0.0,0.0,0.0,0.0,1.0,0.0,0.0,0.0,0.0,0.0,0.0,0.0,0.0,0.0,0.0,10.144,8.906,2.0,123.0,4.0,0.0,0.0,2.0,0.0,1.0,0.0,19.0,18.0,2.0,1.0,4,4
868,1.0,1304.0,3.0,3.0,11018.0,4.0,10.0,234.0,2.0,1.0,4.0,5.0,2.0,1.0,120.0,114.0,0.0,0.0,0.0,0.0,0.0,0.0,0.0,0.0,0.0,0.0,0.0,0.0,1.0,0.0,1.0,1.0,0.0,0.0,0.0,1.0,0.0,30.598,30.645,7.0,130.0,0.0,1.0,1.0,3.0,0.0,1.0,0.0,19.0,18.0,2.0,1.0,4,4
869,1.0,1304.0,3.0,3.0,11060.0,4.0,10.0,235.0,2.0,1.0,4.0,5.0,2.0,1.0,120.0,115.0,0.0,0.0,0.0,1.0,0.0,1.0,0.0,0.0,0.0,0.0,0.0,0.0,0.0,0.0,0.0,1.0,0.0,0.0,0.0,1.0,0.0,0.81,0.705,1.0,124.0,3.0,1.0,2.0,3.0,0.0,2.0,0.0,19.0,18.0,2.0,1.0,4,4
870,0.0,1304.0,3.0,3.0,11085.0,4.0,10.0,236.0,2.0,1.0,4.0,5.0,2.0,1.0,121.0,115.0,0.0,0.0,0.0,0.0,0.0,0.0,0.0,0.0,0.0,0.0,1.0,0.0,0.0,0.0,0.0,0.0,0.0,0.0,0.0,0.0,0.0,20.003,19.48,6.0,130.0,4.0,0.0,1.0,3.0,0.0,3.0,0.0,19.0,18.0,2.0,1.0,2,2
871,1.0,1304.0,3.0,3.0,11123.0,4.0,10.0,237.0,2.0,1.0,4.0,5.0,2.0,1.0,121.0,116.0,0.0,0.0,0.0,0.0,0.0,0.0,0.0,0.0,0.0,0.0,0.0,0.0,1.0,0.0,1.0,1.0,0.0,0.0,0.0,1.0,0.0,13.671,15.816,1.0,119.0,3.0,1.0,1.0,4.0,0.0,3.0,0.0,19.0,18.0,2.0,1.0,2,2
872,1.0,1304.0,3.0,3.0,11154.0,4.0,10.0,238.0,2.0,1.0,4.0,5.0,2.0,1.0,121.0,117.0,0.0,0.0,0.0,0.0,0.0,1.0,1.0,0.0,0.0,0.0,0.0,0.0,0.0,0.0,0.0,0.0,0.0,0.0,0.0,0.0,0.0,32.897,26.017,7.0,105.0,3.0,1.0,1.0,3.0,0.0,3.0,0.0,19.0,18.0,2.0,1.0,2,1
873,1.0,1304.0,3.0,3.0,11197.0,4.0,10.0,239.0,2.0,1.0,4.0,5.0,2.0,2.0,121.0,118.0,2.0,2.0,0.0,0.0,0.0,0.0,0.0,0.0,0.0,0.0,0.0,0.0,0.0,0.0,0.0,0.0,0.0,0.0,0.0,0.0,0.0,6.167,6.802,1.0,112.0,4.0,0.0,0.0,3.0,0.0,4.0,0.0,19.0,19.0,2.0,2.0,2,2
874,0.0,1304.0,3.0,3.0,11507.0,5.0,1.0,240.0,2.0,2.0,0.0,0.0,1.0,1.0,122.0,118.0,0.0,0.0,0.0,0.0,0.0,0.0,0.0,0.0,0.0,0.0,0.0,0.0,0.0,0.0,0.0,0.0,0.0,0.0,0.0,0.0,0.0,20.85,25.883,7.0,105.0,3.0,0.0,1.0,0.0,0.0,0.0,0.0,19.0,19.0,2.0,2.0,2,1
875,0.0,1304.0,3.0,3.0,11538.0,5.0,1.0,241.0,2.0,2.0,0.0,0.0,1.0,1.0,123.0,118.0,0.0,0.0,0.0,0.0,0.0,0.0,0.0,0.0,0.0,0.0,1.0,0.0,0.0,0.0,0.0,0.0,0.0,0.0,0.0,0.0,0.0,14.914,18.976,5.0,116.0,2.0,0.0,0.0,1.0,0.0,0.0,0.0,19.0,19.0,2.0,2.0,2,2
876,1.0,1304.0,3.0,3.0,11564.0,5.0,1.0,242.0,2.0,2.0,0.0,0.0,1.0,1.0,123.0,119.0,0.0,0.0,0.0,0.0,0.0,0.0,0.0,0.0,0.0,0.0,0.0,0.0,0.0,0.0,0.0,0.0,0.0,0.0,0.0,0.0,0.0,4.45,8.524,2.0,108.0,2.0,0.0,0.0,2.0,0.0,0.0,0.0,19.0,19.0,2.0,2.0,2,1
877,0.0,1304.0,3.0,3.0,11585.0,5.0,1.0,243.0,2.0,2.0,0.0,0.0,1.0,1.0,124.0,119.0,0.0,0.0,0.0,0.0,1.0,0.0,1.0,0.0,0.0,0.0,0.0,0.0,0.0,0.0,0.0,0.0,0.0,0.0,0.0,0.0,0.0,9.684,17.126,3.0,115.0,1.0,1.0,0.0,2.0,0.0,1.0,0.0,19.0,19.0,2.0,2.0,2,2
878,0.0,1304.0,3.0,3.0,11610.0,5.0,1.0,244.0,2.0,2.0,0.0,0.0,1.0,2.0,125.0,119.0,1.0,0.0,0.0,0.0,1.0,0.0,2.0,0.0,0.0,0.0,0.0,0.0,0.0,0.0,0.0,0.0,0.0,0.0,0.0,0.0,0.0,24.166,24.269,7.0,91.0,1.0,0.0,0.0,3.0,0.0,1.0,0.0,20.0,19.0,2.0,2.0,2,1
879,0.0,1304.0,3.0,3.0,11679.0,5.0,2.0,245.0,2.0,2.0,1.0,0.0,2.0,2.0,126.0,119.0,0.0,0.0,0.0,0.0,0.0,0.0,0.0,0.0,0.0,0.0,1.0,0.0,0.0,0.0,0.0,0.0,0.0,0.0,0.0,0.0,0.0,11.53,10.763,4.0,107.0,4.0,0.0,0.0,0.0,0.0,0.0,0.0,20.0,19.0,2.0,2.0,2,2
880,1.0,1304.0,3.0,3.0,11717.0,5.0,2.0,246.0,2.0,2.0,1.0,0.0,2.0,1.0,126.0,120.0,0.0,0.0,0.0,0.0,0.0,1.0,1.0,0.0,0.0,0.0,0.0,0.0,1.0,0.0,1.0,0.0,0.0,0.0,0.0,0.0,0.0,14.87,13.431,5.0,114.0,2.0,0.0,2.0,1.0,0.0,0.0,0.0,20.0,19.0,2.0,2.0,4,4
881,1.0,1304.0,3.0,3.0,11746.0,5.0,2.0,247.0,2.0,2.0,1.0,0.0,2.0,1.0,126.0,121.0,0.0,0.0,0.0,0.0,0.0,0.0,0.0,0.0,0.0,0.0,0.0,0.0,0.0,0.0,0.0,0.0,0.0,0.0,0.0,0.0,0.0,6.752,5.488,1.0,123.0,3.0,1.0,1.0,1.0,0.0,1.0,0.0,20.0,19.0,2.0,2.0,4,4
882,0.0,1304.0,3.0,3.0,11769.0,5.0,2.0,248.0,2.0,2.0,1.0,0.0,2.0,1.0,127.0,121.0,0.0,0.0,0.0,0.0,1.0,0.0,2.0,0.0,0.0,0.0,0.0,0.0,1.0,0.0,0.0,0.0,0.0,0.0,0.0,0.0,0.0,15.074,16.663,4.0,123.0,0.0,0.0,0.0,1.0,0.0,2.0,0.0,20.0,19.0,2.0,2.0,4,4
883,1.0,1304.0,3.0,3.0,11809.0,5.0,2.0,249.0,2.0,2.0,1.0,0.0,2.0,2.0,127.0,122.0,0.0,0.0,0.0,0.0,0.0,0.0,0.0,0.0,0.0,0.0,0.0,0.0,1.0,0.0,1.0,0.0,0.0,0.0,0.0,0.0,0.0,41.102,38.973,11.0,113.0,3.0,1.0,1.0,2.0,0.0,2.0,0.0,20.0,19.0,2.0,2.0,4,4
884,0.0,1304.0,3.0,3.0,11868.0,5.0,2.0,250.0,2.0,2.0,1.0,0.0,2.0,1.0,128.0,122.0,0.0,0.0,0.0,0.0,1.0,0.0,2.0,0.0,0.0,0.0,0.0,0.0,1.0,0.0,0.0,0.0,0.0,0.0,0.0,0.0,0.0,21.001,18.311,6.0,119.0,4.0,0.0,0.0,2.0,0.0,3.0,0.0,20.0,19.0,2.0,2.0,4,4
885,1.0,1304.0,3.0,3.0,11911.0,5.0,2.0,251.0,2.0,2.0,1.0,0.0,2.0,1.0,128.0,123.0,0.0,0.0,0.0,0.0,0.0,0.0,0.0,0.0,0.0,0.0,0.0,0.0,0.0,0.0,0.0,0.0,0.0,0.0,0.0,0.0,0.0,4.643,3.363,1.0,118.0,3.0,0.0,1.0,3.0,0.0,3.0,0.0,20.0,19.0,2.0,2.0,4,4
886,0.0,1304.0,3.0,3.0,11943.0,5.0,2.0,252.0,2.0,2.0,1.0,0.0,2.0,1.0,129.0,123.0,0.0,0.0,0.0,0.0,1.0,0.0,1.0,0.0,0.0,0.0,0.0,0.0,1.0,0.0,0.0,0.0,0.0,0.0,0.0,0.0,0.0,18.235,12.348,4.0,121.0,3.0,1.0,0.0,3.0,0.0,4.0,0.0,20.0,19.0,2.0,2.0,4,4
887,0.0,1304.0,3.0,3.0,11985.0,5.0,2.0,253.0,2.0,2.0,1.0,0.0,2.0,2.0,130.0,123.0,0.0,0.0,0.0,0.0,0.0,0.0,0.0,0.0,0.0,0.0,1.0,0.0,0.0,0.0,0.0,0.0,0.0,0.0,0.0,0.0,0.0,27.157,21.89,6.0,107.0,0.0,0.0,0.0,3.0,0.0,3.0,0.0,20.0,19.0,2.0,2.0,4,4
888,1.0,1304.0,3.0,3.0,12038.0,5.0,2.0,254.0,2.0,2.0,1.0,0.0,2.0,2.0,130.0,124.0,0.0,0.0,0.0,0.0,0.0,0.0,0.0,0.0,0.0,0.0,0.0,0.0,0.0,0.0,0.0,1.0,0.0,0.0,0.0,1.0,0.0,0.964,1.092,1.0,109.0,4.0,0.0,2.0,4.0,0.0,3.0,0.0,20.0,19.0,2.0,2.0,4,4
889,1.0,1304.0,3.0,3.0,12083.0,5.0,2.0,255.0,2.0,2.0,1.0,0.0,2.0,2.0,130.0,125.0,0.0,0.0,0.0,0.0,0.0,0.0,0.0,0.0,0.0,1.0,0.0,0.0,0.0,0.0,0.0,0.0,0.0,0.0,0.0,0.0,0.0,41.828,33.85,11.0,106.0,3.0,1.0,1.0,3.0,0.0,3.0,0.0,20.0,19.0,2.0,2.0,4,4
890,1.0,1304.0,3.0,3.0,12143.0,5.0,2.0,256.0,2.0,2.0,1.0,0.0,2.0,1.0,130.0,126.0,2.0,0.0,0.0,0.0,0.0,1.0,2.0,0.0,0.0,0.0,0.0,0.0,1.0,0.0,1.0,0.0,0.0,0.0,0.0,0.0,0.0,20.561,18.702,5.0,120.0,3.0,1.0,2.0,3.0,0.0,4.0,0.0,20.0,20.0,2.0,2.0,4,4
891,1.0,1304.0,3.0,3.0,12178.0,5.0,3.0,257.0,2.0,2.0,1.0,1.0,1.0,2.0,130.0,127.0,0.0,0.0,0.0,0.0,0.0,0.0,0.0,0.0,0.0,1.0,0.0,0.0,0.0,0.0,0.0,0.0,0.0,0.0,0.0,0.0,0.0,7.744,8.454,2.0,94.0,1.0,0.0,1.0,0.0,0.0,0.0,0.0,20.0,20.0,2.0,2.0,4,4
892,0.0,1304.0,3.0,3.0,12207.0,5.0,3.0,258.0,2.0,2.0,1.0,1.0,1.0,1.0,131.0,127.0,0.0,0.0,1.0,0.0,1.0,0.0,0.0,0.0,0.0,0.0,0.0,0.0,0.0,0.0,0.0,0.0,0.0,0.0,0.0,0.0,0.0,0.643,0.991,1.0,120.0,3.0,1.0,2.0,0.0,0.0,1.0,0.0,20.0,20.0,2.0,2.0,4,4
893,0.0,1304.0,3.0,3.0,12224.0,5.0,3.0,259.0,2.0,2.0,1.0,1.0,1.0,1.0,132.0,127.0,0.0,0.0,0.0,0.0,0.0,0.0,0.0,0.0,0.0,0.0,0.0,0.0,0.0,0.0,0.0,0.0,0.0,0.0,0.0,0.0,0.0,4.427,5.88,1.0,102.0,3.0,1.0,0.0,1.0,0.0,1.0,0.0,20.0,20.0,2.0,2.0,4,4
894,0.0,1304.0,3.0,3.0,12241.0,5.0,3.0,260.0,2.0,2.0,1.0,1.0,1.0,1.0,133.0,127.0,0.0,0.0,0.0,0.0,0.0,0.0,0.0,0.0,0.0,0.0,0.0,0.0,0.0,0.0,0.0,0.0,0.0,0.0,0.0,0.0,0.0,3.962,5.916,1.0,113.0,4.0,1.0,0.0,2.0,0.0,1.0,0.0,20.0,20.0,2.0,2.0,4,4
895,0.0,1304.0,3.0,3.0,12257.0,5.0,3.0,261.0,2.0,2.0,1.0,1.0,1.0,2.0,134.0,127.0,1.0,0.0,0.0,0.0,0.0,0.0,0.0,0.0,0.0,0.0,1.0,0.0,0.0,0.0,0.0,0.0,0.0,0.0,0.0,0.0,0.0,5.186,4.9,1.0,105.0,2.0,0.0,0.0,3.0,0.0,1.0,0.0,21.0,20.0,2.0,2.0,4,4
896,1.0,1304.0,3.0,3.0,12370.0,5.0,4.0,262.0,2.0,2.0,2.0,1.0,2.0,1.0,134.0,128.0,0.0,0.0,0.0,0.0,0.0,0.0,0.0,0.0,0.0,0.0,0.0,0.0,0.0,0.0,0.0,0.0,0.0,0.0,0.0,0.0,0.0,5.05,3.801,1.0,98.0,3.0,0.0,1.0,0.0,0.0,0.0,0.0,21.0,20.0,2.0,2.0,4,4
897,0.0,1304.0,3.0,3.0,12387.0,5.0,4.0,263.0,2.0,2.0,2.0,1.0,2.0,2.0,135.0,128.0,0.0,0.0,0.0,0.0,0.0,0.0,0.0,0.0,0.0,0.0,1.0,0.0,0.0,0.0,0.0,0.0,0.0,0.0,0.0,0.0,0.0,7.546,7.601,2.0,101.0,1.0,0.0,0.0,0.0,0.0,1.0,0.0,21.0,20.0,2.0,2.0,4,4
898,1.0,1304.0,3.0,3.0,12422.0,5.0,4.0,264.0,2.0,2.0,2.0,1.0,2.0,2.0,135.0,129.0,0.0,0.0,0.0,1.0,0.0,1.0,0.0,0.0,0.0,0.0,0.0,0.0,0.0,0.0,0.0,0.0,0.0,0.0,0.0,0.0,0.0,1.155,1.176,1.0,119.0,4.0,0.0,2.0,1.0,0.0,1.0,0.0,21.0,20.0,2.0,2.0,4,4
899,0.0,1304.0,3.0,3.0,12461.0,5.0,4.0,265.0,2.0,2.0,2.0,1.0,2.0,2.0,136.0,129.0,0.0,0.0,0.0,0.0,0.0,0.0,0.0,0.0,0.0,0.0,1.0,0.0,0.0,0.0,0.0,0.0,0.0,0.0,0.0,0.0,0.0,25.224,20.925,6.0,109.0,4.0,0.0,1.0,1.0,0.0,2.0,0.0,21.0,20.0,2.0,2.0,4,2
900,0.0,1304.0,3.0,3.0,12528.0,5.0,4.0,266.0,2.0,2.0,2.0,1.0,2.0,1.0,137.0,129.0,0.0,0.0,0.0,0.0,1.0,0.0,1.0,0.0,0.0,0.0,0.0,0.0,0.0,0.0,0.0,0.0,0.0,0.0,0.0,0.0,0.0,25.026,19.659,6.0,118.0,3.0,1.0,1.0,2.0,0.0,2.0,0.0,21.0,20.0,2.0,2.0,4,1
901,1.0,1304.0,3.0,3.0,12569.0,5.0,4.0,267.0,2.0,2.0,2.0,1.0,2.0,1.0,137.0,130.0,0.0,0.0,0.0,1.0,0.0,1.0,0.0,0.0,0.0,0.0,0.0,0.0,0.0,0.0,0.0,1.0,0.0,0.0,0.0,1.0,0.0,1.376,1.022,1.0,124.0,4.0,1.0,2.0,3.0,0.0,2.0,0.0,21.0,20.0,2.0,2.0,4,2
902,1.0,1304.0,3.0,3.0,12667.0,5.0,4.0,268.0,2.0,2.0,2.0,1.0,2.0,1.0,137.0,131.0,0.0,0.0,0.0,0.0,0.0,0.0,0.0,0.0,0.0,1.0,0.0,0.0,0.0,0.0,0.0,0.0,0.0,0.0,0.0,0.0,0.0,10.549,9.475,3.0,133.0,0.0,0.0,0.0,3.0,0.0,3.0,0.0,21.0,20.0,2.0,2.0,4,1
903,1.0,1304.0,3.0,3.0,12700.0,5.0,4.0,269.0,2.0,2.0,2.0,1.0,2.0,1.0,137.0,132.0,2.0,0.0,0.0,0.0,0.0,1.0,1.0,0.0,0.0,0.0,0.0,0.0,1.0,0.0,1.0,0.0,0.0,0.0,0.0,0.0,0.0,26.046,19.487,5.0,121.0,0.0,0.0,1.0,3.0,0.0,4.0,0.0,21.0,21.0,2.0,2.0,4,2
904,1.0,1304.0,3.0,3.0,12745.0,5.0,5.0,270.0,2.0,2.0,2.0,2.0,1.0,1.0,137.0,133.0,0.0,0.0,0.0,0.0,0.0,0.0,0.0,0.0,0.0,0.0,0.0,0.0,0.0,0.0,0.0,0.0,0.0,0.0,0.0,0.0,0.0,35.856,34.128,8.0,110.0,2.0,0.0,1.0,0.0,0.0,0.0,0.0,21.0,21.0,2.0,2.0,4,1
905,1.0,1304.0,3.0,3.0,12787.0,5.0,5.0,271.0,2.0,2.0,2.0,2.0,1.0,1.0,137.0,134.0,0.0,0.0,0.0,0.0,0.0,0.0,0.0,0.0,0.0,1.0,0.0,1.0,0.0,0.0,0.0,0.0,0.0,0.0,0.0,0.0,0.0,12.209,12.968,4.0,109.0,0.0,0.0,0.0,0.0,0.0,1.0,0.0,21.0,21.0,2.0,2.0,4,2
906,0.0,1304.0,3.0,3.0,12816.0,5.0,5.0,272.0,2.0,2.0,2.0,2.0,1.0,1.0,138.0,134.0,0.0,0.0,0.0,0.0,0.0,0.0,0.0,0.0,0.0,0.0,0.0,1.0,0.0,1.0,0.0,0.0,0.0,0.0,0.0,0.0,0.0,23.059,23.246,5.0,126.0,0.0,1.0,1.0,0.0,0.0,2.0,0.0,21.0,21.0,2.0,2.0,4,1
907,0.0,1304.0,3.0,3.0,12866.0,5.0,5.0,273.0,2.0,2.0,2.0,2.0,1.0,1.0,139.0,134.0,0.0,0.0,0.0,0.0,0.0,0.0,0.0,0.0,0.0,0.0,0.0,0.0,0.0,0.0,0.0,0.0,0.0,0.0,0.0,0.0,0.0,3.528,3.705,1.0,111.0,1.0,0.0,2.0,1.0,0.0,2.0,0.0,21.0,21.0,2.0,2.0,4,2
908,0.0,1304.0,3.0,3.0,12887.0,5.0,5.0,274.0,2.0,2.0,2.0,2.0,1.0,1.0,140.0,134.0,0.0,0.0,0.0,0.0,0.0,0.0,0.0,0.0,0.0,0.0,0.0,1.0,0.0,1.0,0.0,0.0,0.0,0.0,0.0,0.0,0.0,11.021,14.461,3.0,99.0,2.0,0.0,1.0,2.0,0.0,2.0,0.0,21.0,21.0,2.0,2.0,4,1
909,1.0,1304.0,3.0,3.0,12911.0,5.0,5.0,275.0,2.0,2.0,2.0,2.0,1.0,2.0,140.0,135.0,0.0,0.0,0.0,0.0,0.0,0.0,0.0,0.0,0.0,1.0,0.0,0.0,0.0,0.0,0.0,0.0,0.0,0.0,0.0,0.0,0.0,19.691,18.061,6.0,88.0,1.0,0.0,0.0,3.0,0.0,2.0,0.0,21.0,21.0,2.0,2.0,4,2
910,0.0,1304.0,3.0,3.0,12957.0,5.0,5.0,276.0,2.0,2.0,2.0,2.0,1.0,1.0,141.0,135.0,0.0,0.0,0.0,0.0,1.0,0.0,1.0,0.0,0.0,0.0,0.0,1.0,0.0,1.0,0.0,0.0,0.0,0.0,0.0,0.0,0.0,14.852,16.533,5.0,112.0,3.0,0.0,0.0,3.0,0.0,3.0,0.0,21.0,21.0,2.0,2.0,4,1
911,0.0,1304.0,3.0,3.0,12989.0,5.0,5.0,277.0,2.0,2.0,2.0,2.0,1.0,1.0,142.0,135.0,1.0,0.0,0.0,0.0,0.0,0.0,0.0,0.0,0.0,0.0,0.0,1.0,0.0,1.0,0.0,0.0,0.0,0.0,0.0,0.0,0.0,36.743,36.589,7.0,110.0,4.0,0.0,0.0,4.0,0.0,3.0,0.0,22.0,21.0,2.0,2.0,4,2
912,1.0,1304.0,3.0,3.0,13140.0,5.0,6.0,278.0,2.0,2.0,3.0,2.0,2.0,1.0,142.0,136.0,0.0,0.0,0.0,0.0,0.0,0.0,0.0,0.0,0.0,0.0,0.0,0.0,0.0,0.0,0.0,0.0,0.0,0.0,0.0,0.0,0.0,3.527,2.645,1.0,127.0,0.0,0.0,0.0,0.0,0.0,0.0,0.0,22.0,21.0,2.0,2.0,4,4
913,0.0,1304.0,3.0,3.0,13159.0,5.0,6.0,279.0,2.0,2.0,3.0,2.0,2.0,2.0,143.0,136.0,0.0,0.0,0.0,0.0,0.0,0.0,0.0,0.0,0.0,0.0,1.0,0.0,0.0,0.0,0.0,0.0,0.0,0.0,0.0,0.0,0.0,12.05,9.955,2.0,98.0,3.0,0.0,0.0,0.0,0.0,1.0,0.0,22.0,21.0,2.0,2.0,4,4
914,1.0,1304.0,3.0,3.0,13205.0,5.0,6.0,280.0,2.0,2.0,3.0,2.0,2.0,1.0,143.0,137.0,0.0,0.0,0.0,1.0,0.0,1.0,0.0,0.0,0.0,0.0,0.0,0.0,0.0,0.0,0.0,0.0,0.0,0.0,0.0,0.0,0.0,0.66,0.623,1.0,129.0,4.0,0.0,2.0,1.0,0.0,1.0,0.0,22.0,21.0,2.0,2.0,4,4
915,1.0,1304.0,3.0,3.0,13224.0,5.0,6.0,281.0,2.0,2.0,3.0,2.0,2.0,1.0,143.0,138.0,0.0,0.0,0.0,0.0,0.0,0.0,0.0,0.0,0.0,0.0,0.0,0.0,1.0,0.0,1.0,0.0,0.0,0.0,0.0,0.0,0.0,13.825,14.078,3.0,118.0,0.0,0.0,0.0,1.0,0.0,2.0,0.0,22.0,21.0,2.0,2.0,4,4
916,1.0,1304.0,3.0,3.0,13250.0,5.0,6.0,282.0,2.0,2.0,3.0,2.0,2.0,2.0,143.0,139.0,2.0,0.0,0.0,0.0,0.0,0.0,0.0,0.0,0.0,0.0,0.0,0.0,0.0,0.0,0.0,0.0,0.0,0.0,0.0,0.0,0.0,3.537,4.517,1.0,109.0,1.0,0.0,1.0,1.0,0.0,3.0,0.0,22.0,22.0,2.0,2.0,4,4
917,0.0,1304.0,3.0,3.0,13301.0,5.0,7.0,283.0,2.0,2.0,3.0,3.0,1.0,1.0,144.0,139.0,0.0,0.0,0.0,0.0,0.0,0.0,0.0,0.0,0.0,0.0,0.0,0.0,0.0,0.0,0.0,0.0,0.0,0.0,0.0,0.0,0.0,1.304,1.92,1.0,103.0,3.0,1.0,2.0,0.0,0.0,0.0,0.0,22.0,22.0,2.0,2.0,4,4
918,0.0,1304.0,3.0,3.0,13329.0,5.0,7.0,284.0,2.0,2.0,3.0,3.0,1.0,1.0,145.0,139.0,0.0,0.0,0.0,0.0,0.0,0.0,0.0,0.0,0.0,0.0,0.0,0.0,0.0,0.0,0.0,0.0,0.0,0.0,0.0,0.0,0.0,35.379,33.944,9.0,108.0,1.0,0.0,0.0,1.0,0.0,0.0,0.0,22.0,22.0,2.0,2.0,4,4
919,0.0,1304.0,3.0,3.0,13365.0,5.0,7.0,285.0,2.0,2.0,3.0,3.0,1.0,2.0,146.0,139.0,0.0,0.0,0.0,0.0,0.0,0.0,0.0,0.0,0.0,0.0,1.0,0.0,0.0,0.0,0.0,0.0,0.0,0.0,0.0,0.0,0.0,3.579,3.487,1.0,95.0,2.0,0.0,1.0,2.0,0.0,0.0,0.0,22.0,22.0,2.0,2.0,4,4
920,0.0,1304.0,3.0,3.0,13393.0,5.0,7.0,286.0,2.0,2.0,3.0,3.0,1.0,1.0,147.0,139.0,1.0,0.0,0.0,0.0,1.0,0.0,1.0,0.0,0.0,0.0,0.0,1.0,0.0,1.0,0.0,0.0,0.0,0.0,0.0,0.0,0.0,14.277,9.479,3.0,113.0,4.0,0.0,0.0,3.0,0.0,0.0,0.0,23.0,22.0,2.0,2.0,4,4
921,1.0,1304.0,3.0,3.0,13496.0,5.0,8.0,287.0,2.0,2.0,4.0,3.0,2.0,1.0,147.0,140.0,0.0,0.0,0.0,0.0,0.0,0.0,0.0,0.0,0.0,0.0,0.0,0.0,0.0,0.0,0.0,0.0,0.0,0.0,0.0,0.0,0.0,5.046,4.753,1.0,117.0,3.0,0.0,1.0,0.0,0.0,0.0,0.0,23.0,22.0,2.0,2.0,4,4
922,1.0,1304.0,3.0,3.0,13514.0,5.0,8.0,288.0,2.0,2.0,4.0,3.0,2.0,1.0,147.0,141.0,0.0,0.0,0.0,0.0,0.0,1.0,1.0,0.0,0.0,0.0,0.0,0.0,0.0,0.0,0.0,0.0,0.0,0.0,0.0,0.0,0.0,8.286,7.5,3.0,118.0,4.0,1.0,1.0,0.0,0.0,1.0,0.0,23.0,22.0,2.0,2.0,4,4
923,1.0,1304.0,3.0,3.0,13541.0,5.0,8.0,289.0,2.0,2.0,4.0,3.0,2.0,1.0,147.0,142.0,0.0,0.0,0.0,1.0,0.0,1.0,0.0,0.0,0.0,0.0,0.0,0.0,0.0,0.0,0.0,0.0,0.0,0.0,0.0,0.0,0.0,0.756,0.723,1.0,113.0,3.0,1.0,2.0,0.0,0.0,2.0,0.0,23.0,22.0,2.0,2.0,4,2
924,1.0,1304.0,3.0,3.0,13557.0,5.0,8.0,290.0,2.0,2.0,4.0,3.0,2.0,2.0,147.0,143.0,2.0,0.0,0.0,0.0,0.0,1.0,2.0,0.0,0.0,0.0,0.0,0.0,0.0,0.0,0.0,0.0,0.0,0.0,0.0,0.0,0.0,40.757,40.936,11.0,96.0,2.0,0.0,0.0,0.0,0.0,3.0,0.0,23.0,23.0,2.0,2.0,4,1
925,0.0,1304.0,3.0,3.0,13617.0,5.0,9.0,291.0,2.0,2.0,4.0,4.0,1.0,1.0,148.0,143.0,0.0,0.0,0.0,0.0,0.0,0.0,0.0,0.0,0.0,0.0,0.0,0.0,0.0,0.0,0.0,0.0,0.0,0.0,0.0,0.0,0.0,17.214,25.613,5.0,124.0,4.0,0.0,0.0,0.0,0.0,0.0,0.0,23.0,23.0,2.0,2.0,4,2
926,1.0,1304.0,3.0,3.0,13644.0,5.0,9.0,292.0,2.0,2.0,4.0,4.0,1.0,1.0,148.0,144.0,0.0,0.0,0.0,0.0,0.0,0.0,0.0,0.0,0.0,1.0,0.0,0.0,0.0,0.0,0.0,0.0,0.0,0.0,0.0,0.0,0.0,23.339,21.835,6.0,109.0,4.0,0.0,0.0,1.0,0.0,0.0,0.0,23.0,23.0,2.0,2.0,4,1
927,1.0,1304.0,3.0,3.0,13680.0,5.0,9.0,293.0,2.0,2.0,4.0,4.0,1.0,1.0,148.0,145.0,0.0,0.0,0.0,0.0,0.0,1.0,2.0,0.0,0.0,0.0,0.0,0.0,1.0,0.0,1.0,0.0,0.0,0.0,0.0,0.0,0.0,19.294,26.337,6.0,105.0,2.0,0.0,0.0,1.0,0.0,1.0,0.0,23.0,23.0,2.0,2.0,4,2
928,0.0,1304.0,3.0,3.0,13715.0,5.0,9.0,294.0,2.0,2.0,4.0,4.0,1.0,1.0,149.0,145.0,0.0,0.0,0.0,0.0,0.0,0.0,0.0,0.0,0.0,0.0,0.0,0.0,0.0,0.0,0.0,0.0,0.0,0.0,0.0,0.0,0.0,0.703,1.136,1.0,122.0,2.0,0.0,2.0,1.0,0.0,2.0,0.0,23.0,23.0,2.0,2.0,4,1
929,0.0,1304.0,3.0,3.0,13738.0,5.0,9.0,295.0,2.0,2.0,4.0,4.0,1.0,1.0,150.0,145.0,0.0,0.0,0.0,0.0,1.0,0.0,1.0,0.0,0.0,0.0,0.0,1.0,0.0,1.0,0.0,0.0,0.0,0.0,0.0,0.0,0.0,9.695,7.534,3.0,111.0,3.0,1.0,2.0,2.0,0.0,2.0,0.0,23.0,23.0,2.0,2.0,4,2
930,0.0,1304.0,3.0,3.0,13763.0,5.0,9.0,296.0,2.0,2.0,4.0,4.0,1.0,1.0,151.0,145.0,1.0,0.0,0.0,0.0,0.0,0.0,0.0,0.0,0.0,0.0,1.0,0.0,0.0,0.0,0.0,0.0,0.0,0.0,0.0,0.0,0.0,10.526,11.461,3.0,111.0,4.0,0.0,0.0,3.0,0.0,2.0,0.0,24.0,23.0,2.0,2.0,4,1
931,0.0,1304.0,3.0,3.0,13877.0,5.0,10.0,297.0,2.0,2.0,5.0,4.0,2.0,1.0,152.0,145.0,0.0,0.0,0.0,0.0,0.0,0.0,0.0,0.0,0.0,0.0,1.0,0.0,0.0,0.0,0.0,0.0,0.0,0.0,0.0,0.0,0.0,8.461,5.569,2.0,118.0,2.0,0.0,0.0,0.0,0.0,0.0,0.0,24.0,23.0,2.0,2.0,4,2
932,0.0,1304.0,3.0,3.0,13896.0,5.0,10.0,298.0,2.0,2.0,5.0,4.0,2.0,1.0,153.0,145.0,0.0,0.0,0.0,0.0,0.0,0.0,0.0,0.0,0.0,0.0,0.0,0.0,0.0,0.0,0.0,0.0,0.0,0.0,0.0,0.0,0.0,20.33,14.729,4.0,121.0,2.0,0.0,2.0,1.0,0.0,0.0,0.0,24.0,23.0,2.0,2.0,4,1
933,1.0,1304.0,3.0,3.0,13932.0,5.0,10.0,299.0,2.0,2.0,5.0,4.0,2.0,1.0,153.0,146.0,0.0,0.0,0.0,1.0,0.0,1.0,0.0,0.0,0.0,0.0,0.0,0.0,0.0,0.0,0.0,0.0,0.0,0.0,0.0,0.0,0.0,0.854,0.753,1.0,120.0,3.0,1.0,2.0,2.0,0.0,0.0,0.0,24.0,23.0,2.0,2.0,4,2
934,0.0,1304.0,3.0,3.0,13955.0,5.0,10.0,300.0,2.0,2.0,5.0,4.0,2.0,2.0,154.0,146.0,0.0,0.0,0.0,0.0,0.0,0.0,0.0,0.0,1.0,0.0,1.0,0.0,0.0,0.0,0.0,0.0,0.0,0.0,0.0,0.0,0.0,4.193,2.728,0.0,0.0,4.0,1.0,2.0,2.0,0.0,1.0,0.0,24.0,23.0,2.0,2.0,4,1
935,1.0,1304.0,3.0,3.0,13994.0,5.0,10.0,301.0,2.0,2.0,5.0,4.0,2.0,1.0,154.0,147.0,0.0,0.0,0.0,0.0,0.0,1.0,1.0,0.0,0.0,0.0,0.0,0.0,1.0,0.0,1.0,1.0,0.0,0.0,0.0,1.0,0.0,24.105,16.922,7.0,122.0,2.0,0.0,0.0,3.0,0.0,1.0,0.0,24.0,23.0,2.0,2.0,4,2
936,1.0,1304.0,3.0,3.0,14035.0,5.0,10.0,302.0,2.0,2.0,5.0,4.0,2.0,1.0,154.0,148.0,0.0,0.0,0.0,1.0,0.0,1.0,0.0,0.0,0.0,0.0,0.0,0.0,0.0,0.0,0.0,1.0,0.0,0.0,0.0,1.0,0.0,1.088,0.891,1.0,113.0,3.0,1.0,2.0,3.0,0.0,2.0,0.0,24.0,23.0,2.0,2.0,4,1
937,1.0,1304.0,3.0,3.0,14066.0,5.0,10.0,303.0,2.0,2.0,5.0,4.0,2.0,1.0,154.0,149.0,0.0,0.0,0.0,0.0,0.0,0.0,0.0,0.0,0.0,1.0,0.0,1.0,0.0,0.0,0.0,0.0,0.0,0.0,0.0,0.0,0.0,31.404,24.583,7.0,136.0,0.0,1.0,0.0,3.0,0.0,3.0,0.0,24.0,23.0,2.0,2.0,2,2
938,1.0,1304.0,3.0,3.0,14106.0,5.0,10.0,304.0,2.0,2.0,5.0,4.0,2.0,1.0,154.0,150.0,2.0,0.0,0.0,1.0,0.0,1.0,0.0,0.0,0.0,0.0,0.0,0.0,0.0,0.0,0.0,0.0,0.0,0.0,0.0,0.0,0.0,1.275,1.043,1.0,121.0,4.0,1.0,2.0,3.0,0.0,4.0,0.0,24.0,24.0,2.0,2.0,2,1
939,1.0,1304.0,3.0,3.0,14136.0,5.0,11.0,305.0,2.0,2.0,5.0,5.0,1.0,1.0,154.0,151.0,0.0,0.0,0.0,0.0,0.0,0.0,0.0,0.0,0.0,1.0,0.0,0.0,0.0,0.0,0.0,0.0,0.0,0.0,0.0,0.0,0.0,6.584,9.665,2.0,98.0,3.0,1.0,0.0,0.0,0.0,0.0,0.0,24.0,24.0,2.0,2.0,2,2
940,0.0,1304.0,3.0,3.0,14158.0,5.0,11.0,306.0,2.0,2.0,5.0,5.0,1.0,2.0,155.0,151.0,0.0,0.0,0.0,0.0,1.0,0.0,2.0,0.0,0.0,0.0,0.0,0.0,1.0,0.0,0.0,0.0,0.0,0.0,0.0,0.0,0.0,18.705,22.722,5.0,84.0,1.0,0.0,0.0,0.0,0.0,1.0,0.0,24.0,24.0,2.0,2.0,2,1
941,0.0,1304.0,3.0,3.0,14200.0,5.0,11.0,307.0,2.0,2.0,5.0,5.0,1.0,1.0,156.0,151.0,0.0,0.0,0.0,0.0,0.0,0.0,0.0,0.0,0.0,0.0,0.0,0.0,1.0,0.0,0.0,0.0,0.0,0.0,0.0,0.0,0.0,29.806,28.663,7.0,104.0,3.0,1.0,1.0,1.0,0.0,1.0,0.0,24.0,24.0,2.0,2.0,2,2
942,1.0,1304.0,3.0,3.0,14240.0,5.0,11.0,308.0,2.0,2.0,5.0,5.0,1.0,1.0,156.0,152.0,0.0,0.0,0.0,0.0,0.0,0.0,0.0,0.0,0.0,1.0,0.0,1.0,0.0,0.0,0.0,0.0,0.0,0.0,0.0,0.0,0.0,18.483,16.727,4.0,112.0,4.0,1.0,1.0,2.0,0.0,1.0,0.0,24.0,24.0,2.0,2.0,2,1
943,1.0,1304.0,3.0,3.0,14275.0,5.0,11.0,309.0,2.0,2.0,5.0,5.0,1.0,2.0,156.0,153.0,0.0,0.0,0.0,0.0,0.0,0.0,0.0,0.0,0.0,1.0,0.0,0.0,0.0,0.0,0.0,0.0,0.0,0.0,0.0,0.0,0.0,12.76,17.565,4.0,92.0,2.0,0.0,0.0,2.0,0.0,2.0,0.0,24.0,24.0,2.0,2.0,2,2
944,0.0,1304.0,3.0,3.0,14318.0,5.0,11.0,310.0,2.0,2.0,5.0,5.0,1.0,1.0,157.0,153.0,0.0,0.0,0.0,0.0,1.0,0.0,1.0,0.0,0.0,0.0,0.0,0.0,0.0,0.0,0.0,0.0,1.0,0.0,0.0,0.0,1.0,15.608,19.163,5.0,112.0,4.0,0.0,1.0,2.0,0.0,3.0,0.0,24.0,24.0,2.0,2.0,2,1
945,0.0,1304.0,3.0,3.0,14368.0,5.0,11.0,311.0,2.0,2.0,5.0,5.0,1.0,2.0,158.0,153.0,0.0,0.0,0.0,0.0,0.0,0.0,0.0,0.0,0.0,0.0,0.0,0.0,0.0,0.0,0.0,0.0,0.0,0.0,0.0,0.0,0.0,4.255,4.17,1.0,95.0,3.0,1.0,1.0,3.0,0.0,3.0,0.0,24.0,24.0,2.0,2.0,2,2
946,1.0,1304.0,3.0,3.0,14406.0,5.0,11.0,312.0,2.0,2.0,5.0,5.0,1.0,1.0,158.0,154.0,0.0,0.0,0.0,0.0,0.0,0.0,0.0,0.0,0.0,0.0,0.0,0.0,0.0,0.0,0.0,0.0,0.0,0.0,0.0,0.0,0.0,8.03,8.279,2.0,107.0,2.0,0.0,1.0,4.0,0.0,3.0,0.0,24.0,24.0,2.0,2.0,4,1
947,0.0,1304.0,3.0,3.0,14429.0,5.0,11.0,313.0,2.0,2.0,5.0,5.0,1.0,1.0,159.0,154.0,0.0,0.0,0.0,0.0,1.0,0.0,2.0,0.0,0.0,0.0,0.0,1.0,0.0,1.0,0.0,0.0,0.0,0.0,0.0,0.0,0.0,31.527,32.311,9.0,118.0,4.0,1.0,0.0,3.0,0.0,3.0,0.0,24.0,24.0,2.0,2.0,4,2
948,0.0,1304.0,3.0,3.0,14472.0,5.0,11.0,314.0,2.0,2.0,5.0,5.0,1.0,1.0,160.0,154.0,1.0,0.0,0.0,0.0,0.0,0.0,0.0,0.0,0.0,0.0,1.0,0.0,0.0,0.0,0.0,0.0,0.0,0.0,0.0,0.0,0.0,10.858,11.318,3.0,110.0,4.0,0.0,0.0,4.0,0.0,3.0,0.0,25.0,24.0,2.0,2.0,4,1
949,1.0,1304.0,3.0,3.0,14585.0,5.0,12.0,315.0,2.0,2.0,6.0,5.0,2.0,1.0,160.0,155.0,0.0,0.0,0.0,0.0,0.0,0.0,0.0,0.0,0.0,0.0,0.0,0.0,0.0,0.0,0.0,0.0,0.0,0.0,0.0,0.0,0.0,18.396,13.107,5.0,129.0,4.0,0.0,0.0,0.0,0.0,0.0,0.0,25.0,24.0,2.0,2.0,4,2
950,1.0,1304.0,3.0,3.0,14620.0,5.0,12.0,316.0,2.0,2.0,6.0,5.0,2.0,1.0,160.0,156.0,0.0,0.0,0.0,1.0,0.0,1.0,0.0,0.0,0.0,0.0,0.0,0.0,0.0,0.0,0.0,0.0,0.0,0.0,0.0,0.0,0.0,1.187,1.273,1.0,123.0,3.0,1.0,2.0,0.0,0.0,1.0,0.0,25.0,24.0,2.0,2.0,4,1
951,1.0,1304.0,3.0,3.0,14648.0,5.0,12.0,317.0,2.0,2.0,6.0,5.0,2.0,2.0,160.0,157.0,0.0,0.0,0.0,0.0,0.0,0.0,0.0,0.0,0.0,0.0,0.0,0.0,0.0,0.0,0.0,0.0,0.0,0.0,0.0,0.0,0.0,11.474,9.023,3.0,102.0,0.0,0.0,0.0,0.0,0.0,2.0,0.0,25.0,24.0,2.0,2.0,4,2
952,0.0,1304.0,3.0,3.0,14689.0,5.0,12.0,318.0,2.0,2.0,6.0,5.0,2.0,2.0,161.0,157.0,0.0,0.0,0.0,0.0,1.0,0.0,1.0,0.0,0.0,0.0,0.0,0.0,0.0,0.0,0.0,0.0,0.0,0.0,0.0,0.0,0.0,9.534,11.782,4.0,128.0,0.0,1.0,1.0,0.0,0.0,3.0,0.0,25.0,24.0,2.0,2.0,4,1
953,1.0,1304.0,3.0,3.0,14731.0,5.0,12.0,319.0,2.0,2.0,6.0,5.0,2.0,1.0,161.0,158.0,2.0,0.0,0.0,1.0,0.0,1.0,0.0,0.0,0.0,0.0,0.0,0.0,0.0,0.0,0.0,0.0,0.0,0.0,0.0,0.0,0.0,0.967,0.821,1.0,112.0,3.0,1.0,2.0,1.0,0.0,3.0,0.0,25.0,25.0,2.0,2.0,4,2
954,0.0,1304.0,3.0,3.0,14762.0,5.0,13.0,320.0,2.0,2.0,6.0,6.0,1.0,1.0,162.0,158.0,0.0,0.0,0.0,0.0,1.0,0.0,1.0,0.0,0.0,0.0,0.0,0.0,0.0,0.0,0.0,0.0,0.0,0.0,0.0,0.0,0.0,7.313,9.043,3.0,104.0,3.0,0.0,0.0,0.0,0.0,0.0,0.0,25.0,25.0,2.0,2.0,4,1
955,1.0,1304.0,3.0,3.0,14788.0,5.0,13.0,321.0,2.0,2.0,6.0,6.0,2.0,1.0,162.0,159.0,0.0,0.0,0.0,0.0,0.0,0.0,0.0,0.0,0.0,0.0,0.0,0.0,0.0,0.0,0.0,0.0,0.0,0.0,0.0,0.0,0.0,8.803,8.658,1.0,122.0,3.0,1.0,0.0,0.0,1.0,0.0,0.0,25.0,25.0,2.0,2.0,4,2
956,0.0,1304.0,3.0,3.0,14823.0,5.0,13.0,322.0,2.0,2.0,6.0,6.0,2.0,1.0,163.0,159.0,0.0,0.0,0.0,0.0,1.0,0.0,1.0,0.0,0.0,0.0,0.0,1.0,0.0,1.0,0.0,0.0,0.0,0.0,0.0,0.0,0.0,32.364,25.969,10.0,113.0,3.0,1.0,0.0,0.0,1.0,0.0,1.0,25.0,25.0,2.0,2.0,4,1
957,0.0,1304.0,3.0,3.0,14868.0,5.0,13.0,323.0,2.0,2.0,6.0,6.0,1.0,2.0,164.0,159.0,0.0,0.0,0.0,0.0,0.0,0.0,0.0,0.0,0.0,0.0,1.0,0.0,0.0,0.0,0.0,0.0,0.0,0.0,0.0,0.0,0.0,22.928,27.471,7.0,86.0,0.0,0.0,1.0,0.0,2.0,0.0,1.0,25.0,25.0,2.0,2.0,4,2
958,0.0,1304.0,3.0,3.0,14916.0,5.0,13.0,324.0,2.0,2.0,6.0,6.0,1.0,2.0,165.0,159.0,0.0,0.0,0.0,0.0,0.0,0.0,0.0,0.0,0.0,0.0,1.0,0.0,0.0,0.0,0.0,0.0,0.0,0.0,0.0,0.0,0.0,9.476,10.828,3.0,91.0,2.0,0.0,1.0,0.0,3.0,0.0,1.0,25.0,25.0,2.0,2.0,4,1
959,1.0,1304.0,3.0,3.0,14960.0,5.0,13.0,325.0,2.0,2.0,6.0,6.0,2.0,2.0,165.0,160.0,0.0,0.0,0.0,0.0,0.0,0.0,0.0,0.0,0.0,0.0,0.0,0.0,0.0,0.0,0.0,0.0,0.0,0.0,0.0,0.0,0.0,3.802,3.115,1.0,100.0,3.0,0.0,0.0,0.0,4.0,0.0,1.0,25.0,25.0,2.0,2.0,4,2
960,0.0,1304.0,3.0,3.0,15033.0,5.0,13.0,326.0,2.0,2.0,6.0,6.0,2.0,2.0,166.0,160.0,0.0,0.0,0.0,0.0,0.0,0.0,0.0,0.0,0.0,0.0,0.0,0.0,0.0,0.0,0.0,0.0,0.0,0.0,0.0,0.0,0.0,7.264,7.364,2.0,98.0,0.0,0.0,1.0,0.0,4.0,0.0,2.0,25.0,25.0,2.0,2.0,4,1
961,0.0,1304.0,3.0,3.0,15078.0,5.0,13.0,327.0,2.0,2.0,6.0,6.0,1.0,1.0,167.0,160.0,0.0,0.0,0.0,0.0,0.0,0.0,0.0,0.0,0.0,0.0,1.0,0.0,0.0,0.0,0.0,0.0,0.0,0.0,0.0,0.0,0.0,20.27,15.837,5.0,117.0,0.0,0.0,0.0,0.0,5.0,0.0,2.0,25.0,25.0,2.0,2.0,4,2
962,1.0,1304.0,3.0,3.0,15118.0,5.0,13.0,328.0,2.0,2.0,6.0,6.0,1.0,1.0,167.0,161.0,0.0,0.0,0.0,0.0,0.0,1.0,1.0,0.0,0.0,0.0,0.0,0.0,0.0,0.0,0.0,0.0,0.0,0.0,0.0,0.0,0.0,3.355,4.719,2.0,108.0,3.0,1.0,1.0,0.0,6.0,0.0,2.0,25.0,25.0,2.0,2.0,4,1
963,1.0,1304.0,3.0,3.0,15152.0,5.0,13.0,329.0,2.0,2.0,6.0,6.0,2.0,1.0,167.0,162.0,0.0,0.0,0.0,0.0,0.0,0.0,0.0,0.0,0.0,0.0,0.0,0.0,1.0,0.0,1.0,0.0,0.0,0.0,0.0,0.0,0.0,13.547,13.661,3.0,120.0,4.0,0.0,0.0,0.0,6.0,0.0,3.0,25.0,25.0,2.0,2.0,4,2
964,1.0,1304.0,3.0,3.0,15194.0,5.0,13.0,330.0,2.0,2.0,6.0,6.0,2.0,2.0,167.0,163.0,0.0,0.0,0.0,0.0,0.0,0.0,0.0,0.0,0.0,1.0,0.0,0.0,0.0,0.0,0.0,0.0,0.0,0.0,0.0,0.0,0.0,11.388,9.775,3.0,110.0,2.0,0.0,0.0,0.0,6.0,0.0,4.0,25.0,25.0,2.0,2.0,4,4
965,0.0,1304.0,3.0,3.0,15236.0,5.0,13.0,331.0,2.0,2.0,6.0,6.0,1.0,1.0,168.0,163.0,0.0,0.0,0.0,0.0,1.0,0.0,2.0,0.0,0.0,0.0,0.0,1.0,0.0,1.0,0.0,0.0,0.0,0.0,0.0,0.0,0.0,46.295,44.742,13.0,122.0,1.0,0.0,1.0,0.0,6.0,0.0,5.0,25.0,25.0,2.0,2.0,4,4
966,0.0,1304.0,3.0,3.0,15315.0,5.0,13.0,332.0,2.0,2.0,6.0,6.0,1.0,1.0,169.0,163.0,0.0,0.0,0.0,0.0,1.0,0.0,2.0,0.0,0.0,0.0,0.0,0.0,1.0,0.0,0.0,0.0,0.0,0.0,0.0,0.0,0.0,24.284,48.393,7.0,127.0,4.0,1.0,0.0,0.0,7.0,0.0,5.0,25.0,25.0,2.0,2.0,4,4
967,1.0,1304.0,3.0,3.0,15420.0,5.0,13.0,333.0,2.0,2.0,6.0,6.0,2.0,2.0,169.0,164.0,0.0,0.0,0.0,0.0,0.0,0.0,0.0,0.0,0.0,0.0,0.0,0.0,0.0,0.0,0.0,0.0,0.0,0.0,0.0,0.0,0.0,24.384,21.663,7.0,97.0,2.0,0.0,0.0,0.0,8.0,0.0,5.0,25.0,25.0,2.0,2.0,4,4
968,1.0,1304.0,3.0,3.0,15472.0,5.0,13.0,334.0,2.0,2.0,6.0,6.0,2.0,1.0,169.0,165.0,0.0,0.0,0.0,0.0,0.0,1.0,1.0,0.0,0.0,0.0,0.0,0.0,1.0,0.0,1.0,0.0,0.0,0.0,0.0,0.0,0.0,19.726,17.565,5.0,129.0,4.0,0.0,0.0,0.0,8.0,0.0,6.0,25.0,25.0,2.0,2.0,4,4
969,1.0,1304.0,3.0,3.0,15509.0,5.0,13.0,335.0,2.0,2.0,6.0,6.0,1.0,2.0,169.0,166.0,0.0,0.0,0.0,0.0,0.0,0.0,0.0,0.0,0.0,1.0,0.0,0.0,0.0,0.0,0.0,0.0,0.0,0.0,0.0,0.0,0.0,12.85,18.14,2.0,87.0,4.0,0.0,0.0,0.0,8.0,0.0,7.0,25.0,25.0,2.0,2.0,4,4
970,1.0,1304.0,3.0,3.0,15552.0,5.0,13.0,336.0,2.0,2.0,6.0,6.0,1.0,1.0,169.0,167.0,0.0,0.0,0.0,0.0,0.0,1.0,1.0,0.0,0.0,0.0,0.0,0.0,0.0,0.0,0.0,0.0,0.0,0.0,0.0,0.0,0.0,0.0,0.0,2.0,0.0,5.0,2.0,2.0,0.0,8.0,0.0,8.0,25.0,25.0,2.0,2.0,4,4
971,1.0,1304.0,3.0,3.0,15596.0,5.0,13.0,337.0,2.0,2.0,6.0,6.0,2.0,2.0,169.0,168.0,2.0,2.0,0.0,0.0,0.0,0.0,0.0,0.0,0.0,1.0,0.0,0.0,0.0,0.0,0.0,0.0,0.0,0.0,0.0,0.0,0.0,24.841,19.918,5.0,97.0,3.0,1.0,0.0,0.0,8.0,0.0,9.0,25.0,26.0,2.0,3.0,4,4
